uid,nom,prenom
PA722170,Beaudouin-Hubiere,Sophie
PA719874,Jacquier-Laforge,Élodie
PA722134,Fiévet,Jean-Marie
PA719960,Faure-Muntian,Valéria
PA569,Bonnecarrère,Philippe
PA722284,Fuchs,Bruno
PA775204,Cadec,Alain
PA784534,Devesa,Brigitte
PA1477,Ginesta,Jordi
PA340357,Victory,Michèle
PA719286,Colombani,Paul-André
PA721418,Mignola,Patrick
PA605131,Castaner,Christophe
PA606098,Marleix,Olivier
PA268007,Corbisez,Jean-Pierre
PA775200,Briquet,Isabelle
PA332523,Dalloz,Marie-Christine
PA719910,Belhamiti,Mounir
PA722062,Granjus,Florence
PA643190,Poadja,Gérard
PA415447,Lefèvre,Antoine
PA721888,Raphan,Pierre-Alain
PA719436,Meizonnet,Nicolas
PA642724,Barbier,Frédéric
PA1090,Dériot,Gérard
PA775168,Anglars,Jean-Claude
PA767,Cattin,Jacques
PA715322,Gerbaud,Frédérique
PA391505,Gonthier-Maurin,Brigitte
PA719060,Jerretie,Christophe
PA429874,Savin,Michel
PA718894,Dombreval,Loïc
PA267204,Sermier,Jean-Marie
PA783463,Métadier,Sophie
PA736207,Sol,Jean
PA643211,Montaugé,Franck
PA736182,Lafon,Laurent
PA2502,Raffarin,Jean-Pierre
PA304071,Collombat,Pierre-Yves
PA775264,Petrus,Annick
PA721530,Luquet,Aude
PA415457,Navarro,Robert
PA335054,Karamanli,Marietta
PA722198,Coriton,Bastien
PA775292,Tabarot,Philippe
PA721924,de Vaucouleurs,Michèle
PA785855,Chantrel,Yan
PA736195,Gay,Fabien
PA643134,Valentin,Isabelle
PA720614,Le Pen,Marine
PA775242,Klinger,Christian
PA703492,Hervé,Loïc
PA643127,Questel,Bruno
PA2116,Masson,Jean Louis
PA720704,Vichnievsky,Laurence
PA712015,Dive,Julien
PA304082,Assassi,Éliane
PA719972,Sarles,Nathalie
PA775226,Fialaire,Bernard
PA415476,Joissains,Sophie
PA304014,Khiari,Bariza
PA720202,Krimi,Sonia
PA720210,Beauvais,Valérie
PA736246,Lassarade,Florence
PA2435,Poher,Hervé
PA1883,Le Nay,Jacques
PA267794,Tabarot,Michèle
PA719202,Paris,Didier
PA1809,Lambert,Jérôme
PA2848,Türk,Alex
PA720552,Rauch,Isabelle
PA720754,Studer,Bruno
PA2796,Teissier,Guy
PA703499,Prunaud,Christine
PA425322,Deroche,Catherine
PA724827,Ali,Ramlati
PA721776,Baichère,Didier
PA755549,Brial,Sylvain
PA429839,Le Scouarnec,Michel
PA736245,Cazabonne,Alain
PA722038,Adam,Damien
PA608695,Untermaier,Cécile
PA718926,Dharréville,Pierre
PA718838,Brun,Fabrice
PA757676,Apourceau-Poly,Cathy
PA703514,Canevet,Michel
PA722054,Hai,Nadia
PA343988,Paccaud,Olivier
PA722086,Taquet,Adrien
PA719440,Cellier,Anthony
PA718962,Zulesi,Jean-Marc
PA721296,Gouffier-Cha,Guillaume
PA718728,Vanceunebrock,Laurence
PA415482,Mézard,Jacques
PA268048,Lurel,Victorin
PA1435,Gaudin,Jean-Claude
PA703480,Médevielle,Pierre
PA719456,Mörch,Sandrine
PA718930,Petel,Anne-Laurence
PA267337,Bouchet,Claire
PA1336,Foucaud,Thierry
PA719866,Abadie,Caroline
PA718910,Pitollat,Claire
PA227094,Sido,Bruno
PA736228,Gold,Éric
PA606712,Lurton,Gilles
PA736187,Filleul,Martine
PA775192,Borchio Fontimp,Alexandra
PA721678,Reda,Robin
PA736163,Bertrand,Anne-Marie
PA340419,Duran,Alain
PA227028,Duvernois,Louis
PA2684,Saugey,Bernard
PA703488,Kennel,Guy-Dominique
PA1253,Émorine,Jean-Paul
PA719020,Porte,Nathalie
PA718794,Hérin,Danièle
PA719496,Cabaré,Pierre
PA429856,Soilihi,Abdourahamane
PA421348,Villiers,André
PA1229,Durrieu,Josette
PA720814,Cazenove,Sébastien
PA736236,Herzog,Christine
PA342601,Brindeau,Pascal
PA429858,Bas,Philippe
PA1998,Lorgeoux,Jeanny
PA605888,Le Houerou,Annie
PA736203,Kauffmann,Claudine
PA736158,Vermeillet,Sylvie
PA310473,Hoarau,Gélita
PA335612,Lecoq,Jean-Paul
PA267419,Des Esgaulx,Marie-Hélène
PA2047,Manable,Christian
PA775284,Sautarel,Stéphane
PA1046,Delattre,Francis
PA721750,Calvez,Céline
PA782,Cazeau,Bernard
PA720038,Josso,Sandrine
PA1183,Dufaut,Alain
PA719404,Le Gac,Didier
PA775208,Chauvet,Patrick
PA415479,Paul,Philippe
PA720230,Magnier,Lise
PA722292,Rudigoz,Thomas
PA720414,Perrot,Patrice
PA721336,Brocard,Blandine
PA429866,Labbé,Joël
PA267336,Giraud,Joël
PA607919,Dufour-Tonini,Anne-Lise
PA720878,Saint-Martin,Laurent
PA719858,Limon,Monique
PA686138,Émery-Dumas,Anne
PA721398,Degois,Typhanie
PA706520,Yonnet,Évelyne
PA342240,Bourgeaux,Jean-Luc
PA736164,Grelet-Certenais,Nadine
PA266795,Gatel,Françoise
PA342935,Dubois,Marianne
PA415474,Nègre,Louis
PA720492,Osson,Catherine
PA719338,Melchior,Graziella
PA720630,Minot,Maxime
PA720932,Da Silva,Dominique
PA720606,Pajot,Ludovic
PA721872,Poirson,Brune
PA719364,O'Petit,Claire
PA719396,Larsonneur,Jean-Charles
PA736204,Mizzon,Jean-Marie
PA605694,Falorni,Olivier
PA719472,Cazeneuve,Jean-René
PA267200,Huyghe,Sébastien
PA415471,Daunis,Marc
PA415477,Fichet,Jean-Luc
PA703516,Luche,Jean-Claude
PA722190,Attal,Gabriel
PA721824,Renson,Hugues
PA346054,Maquet,Emmanuel
PA719488,Berta,Philippe
PA720108,Oppelt,Valérie
PA719480,Gaillard,Olivier
PA703498,Doineau,Élisabeth
PA720790,Grau,Romain
PA1327,Forissier,Nicolas
PA2377,Perrut,Bernard
PA1842,Laufoaulu,Robert
PA718998,David,Sébastien
PA736199,Bigot,Joël
PA720162,Bolo,Philippe
PA703507,Genest,Jacques
PA719266,Cubertafon,Jean-Pierre
PA736233,Iacovelli,Xavier
PA766283,Constant,Agnès
PA721426,Riotton,Véronique
PA720454,Houbron,Dimitri
PA776985,Garnier,Laurence
PA332614,Juanico,Régis
PA227078,Guené,Charles
PA721226,Rubin,Sabine
PA980,Dallier,Philippe
PA607553,Potier,Dominique
PA429832,Marseille,Hervé
PA2828,Tourret,Alain
PA341272,Botrel,Yannick
PA703486,Arnell,Guillaume
PA720830,Thomas,Valérie
PA719162,Dubois,Jacqueline
PA719154,Martin,Didier
PA720310,Arend,Christophe
PA722008,Leguille-Balloy,Martine
PA775216,Drexler,Sabine
PA719540,Toutut-Picard,Élisabeth
PA722390,Corneloup,Josiane
PA429844,Meunier,Michelle
PA709750,Chain-Larché,Anne
PA736185,Malet,Viviane
PA923,Cornut-Gentille,François
PA703497,Mandelli,Didier
PA721718,Do,Stéphanie
PA720546,Bruneel,Alain
PA720092,Ramos,Richard
PA747421,Bouloux,Yves
PA745,Carrère,Jean-Louis
PA720854,Testé,Stéphane
PA775228,Genet,Fabien
PA719806,Auconie,Sophie
PA720370,Mendes,Ludovic
PA942,de Courson,Charles
PA720780,Sempastous,Jean-Bernard
PA761231,Ramond,Françoise
PA429868,Michel,Danielle
PA610667,Serville,Gabriel
PA415453,Lepage,Claudine
PA227096,Todeschini,Jean-Marc
PA304079,Dassault,Serge
PA775238,Jacquemet,Annick
PA775294,Vallet,Mickaël
PA721956,O,Delphine
PA719448,Chapelier,Annie
PA721836,Barrot,Jean-Noël
PA719024,Blanchet,Christophe
PA707206,Riocreux,Stéphanie
PA1502,Godefroy,Jean-Pierre
PA721170,Vojetta,Stéphane
PA775190,Bonnus,Michel
PA721624,Avia,Laetitia
PA760322,Buis,Bernard
PA719250,Chassaing,Philippe
PA721450,Lenne,Marion
PA775246,Lahellec,Gérard
PA227029,Férat,Françoise
PA718860,Taurine,Bénédicte
PA2469,Poyart,Alain
PA720560,Goulet,Perrine
PA703483,Danesi,René
PA342564,Lubin,Monique
PA736177,Gontard,Guillaume
PA481,Berson,Michel
PA333818,Hutin,Christian
PA415486,Goy-Chavent,Sylvie
PA734539,Dutheil,Laurent
PA1375,Frogier,Pierre
PA330909,Descoeur,Vincent
PA643175,Dupont,Stella
PA267728,Priou,Christophe
PA791,César,Gérard
PA775278,Rohfritsch,Teva
PA720500,Petit,Valérie
PA343775,Lherbier,Brigitte
PA722260,Villani,Cédric
PA715745,Cuypers,Pierre
PA720402,Paluszkiewicz,Xavier
PA783457,Habert-Dassault,Victor
PA1919,Legendre,Jacques
PA1071,Demessine,Michelle
PA719484,Daufès-Roux,Catherine
PA689,Buffet,Marie-George
PA775218,Duffourg,Alain
PA719994,Kamowski,Catherine
PA775222,Favreau,Gilbert
PA703525,Cadic,Olivier
PA721166,Cazebonne,Samantha
PA775194,Bouad,Denis
PA736234,Conconne,Catherine
PA720214,Kuric,Aina
PA774960,Santiago,Isabelle
PA721702,Fauvergue,Jean-Michel
PA266797,Gosselin,Philippe
PA718682,Trompille,Stéphane
PA342415,Battistel,Marie-Noëlle
PA707706,Tetuanui,Lana
PA721328,Brugnera,Anne
PA267901,Kamardine,Mansour
PA719718,Maillart-Méhaignerie,Laurence
PA721832,Boëlle,Sandra
PA721182,Petit,Frédéric
PA906,Collomb,Gérard
PA267289,Door,Jean-Pierre
PA334768,Touraine,Jean-Louis
PA703509,Jeansannetas,Éric
PA415456,Bruguière,Marie-Thérèse
PA337483,Letchimy,Serge
PA703518,Mouiller,Philippe
PA721474,Viry,Stéphane
PA721062,Ratenon,Jean-Hugues
PA267306,Chassaigne,André
PA429891,Benbassa,Esther
PA721514,Kerbarh,Stéphanie
PA1874,Le Fur,Marc
PA722312,Bessot Ballot,Barbara
PA736213,Leroy,Henri
PA227092,Raoul,Daniel
PA720326,Hammouche,Brahim
PA394676,Laménie,Marc
PA721234,Petit,Maud
PA720138,Saint-Paul,Laetitia
PA2505,de Raincourt,Henri
PA774952,Benassaya,Philippe
PA725,Cantegrit,Jean-Pierre
PA703540,Allizard,Pascal
PA721742,Florennes,Isabelle
PA720652,Duvergé,Bruno
PA693008,Polutele,Napole
PA404656,Dumas,Catherine
PA720334,Pahun,Jimmy
PA775230,Gueret,Daniel
PA266788,Morel-À-L'Huissier,Pierre
PA429896,Roche,Gérard
PA775270,Pluchet,Kristina
PA719798,Labaronne,Daniel
PA642868,Christophe,Paul
PA415488,Bonnefoy,Nicole
PA2086,Marlin,Franck
PA720378,Lioger,Richard
PA736227,Saury,Hugues
PA267989,Gilles,Bruno
PA720634,Courtial,Édouard
PA720006,Geismar,Luc
PA720178,Garcia,Laurent
PA747420,Vérien,Dominique
PA429842,Primas,Sophie
PA330008,Breton,Xavier
PA721110,Sanquer,Nicole
PA775272,Poncet Monge,Raymonde
PA267450,Delatte,Rémi
PA703515,Imbert,Corinne
PA719790,Chalumeau,Philippe
PA778906,Blandin,Valérie
PA742505,Prince,Jean-Paul
PA266867,Fouché,Alain
PA722398,Rebeyrotte,Rémy
PA267622,Valls,Manuel
PA721134,Lescure,Roland
PA717151,de Sarnez,Marielle
PA775206,Cardon,Rémi
PA429877,Fontaine,Michel
PA721314,Schellenberger,Raphaël
PA703539,Deromedi,Jacky
PA227098,Vanlerenberghe,Jean-Marie
PA758716,Noël,Sylviane
PA1978,Lienemann,Marie-Noëlle
PA716269,Rivollier,Évelyne
PA722320,Lejeune,Christophe
PA606171,Ferrand,Richard
PA736202,Berthet,Martine
PA998,Dassault,Olivier
PA736170,Dindar,Nassimah
PA736240,Raimond-Pavero,Isabelle
PA2870,Vallini,André
PA719676,Ressiguier,Muriel
PA609520,Pompili,Barbara
PA719938,Fesneau,Marc
PA719748,Chalas,Émilie
PA736214,Temal,Rachid
PA330240,Ciotti,Éric
PA1203,Dupont,Jean-Léonce
PA429872,Chiron,Jacques
PA2161,Mercier,Michel
PA304007,Desessard,Jean
PA720268,Damaisin,Olivier
PA719382,Lamirault,Luc
PA767418,Martin,Pascal
PA736226,Louault,Pierre
PA736225,Jomier,Bernard
PA643157,Naillet,Philippe
PA703493,Nougein,Claude
PA1838,Lassalle,Jean
PA720806,Gayte,Laurence
PA303996,Troendlé,Catherine
PA775196,Bourgi,Hussein
PA720996,El Guerrab,M'jid
PA720256,Bannier,Géraldine
PA333421,Pancher,Bertrand
PA720430,Bernalicis,Ugo
PA760658,Chouat,Francis
PA415452,Guillaume,Didier
PA429861,Vincent,Maurice
PA2792,Taugourdeau,Jean-Charles
PA720668,Blairy,Emmanuel
PA721054,Lorion,David
PA736193,Renaud-Garabedian,Évelyne
PA227099,Zocchetto,François
PA721032,Sinaï-Bossou,Carine
PA720182,Cesar,Pascale
PA1942,Lenoir,Jean-Claude
PA736180,Bansard,Jean-Pierre
PA721932,Lorho,Marie-France
PA775214,Dossus,Thomas
PA415499,Patient,Georges
PA719736,Galliard-Minier,Camille
PA719080,Marsaud,Sandra
PA643205,Lang,Anne-Christine
PA717167,Mahjoubi,Mounir
PA429876,Camani,Pierre
PA775282,Salmon,Daniel
PA720664,Evrard,José
PA717379,Maillard,Sylvain
PA720976,Mathiasin,Max
PA334843,Verchère,Patrice
PA721380,Chaudun,Christophe
PA746,Carrez,Gilles
PA722202,Jumel,Sébastien
PA720134,Marquet,Elisabeth
PA775298,Ventalon,Anne
PA748954,Savignat,Antoine
PA719002,Ravier,Julien
PA775198,Bourrat,Toine
PA227027,Didier,Évelyne
PA720720,Poueyto,Josy
PA2074,Marie,Didier
PA856,Cherpion,Gérard
PA721202,Coquerel,Éric
PA719528,Portarrieu,Jean-François
PA605036,Abad,Damien
PA608641,Blein,Yves
PA210741,Leroy,Jean-Claude
PA346218,Masson,Jean-Louis
PA643192,Jourdan,Chantal
PA720846,Lachaud,Bastien
PA606507,Boudié,Florent
PA721344,Bonnell,Bruno
PA736162,Van Heghe,Sabine
PA2197,Milon,Alain
PA719692,Eliaou,Jean-François
PA2528,Reiner,Daniel
PA720054,Haury,Yannick
PA733995,Rauscent,Noëlle
PA235,Adnot,Philippe
PA721800,Matras,Fabien
PA703535,Lemoyne,Jean-Baptiste
PA301592,Schmitz,Alain
PA775258,Muller-Bronn,Laurence
PA722252,Rixain,Marie-Pierre
PA719118,Cormier-Bouligeon,François
PA720146,Masséglia,Denis
PA703520,Estrosi Sassone,Dominique
PA718884,Bazin-Malgras,Valérie
PA719420,Sommer,Denis
PA717268,Pélieu,Michel
PA721254,Muller-Quoy,Isabelle
PA345785,Thomas,Claudine
PA337544,Robert,Didier
PA304000,Lamure,Élisabeth
PA429878,Claireaux,Karine
PA1037,del Picchia,Robert
PA775286,Schalck,Elsa
PA304005,Caffet,Jean-Pierre
PA607595,Pellois,Hervé
PA227108,Bailly,Gérard
PA722228,Leclabart,Jean-Claude
PA719930,Vallaud,Boris
PA703504,Forissier,Michel
PA775290,Stanzione,Lucien
PA719108,Gérard,Raphaël
PA2879,Vasselle,Alain
PA1048,Delebarre,Michel
PA719652,Hammerer,Véronique
PA722000,Buchou,Stéphane
PA722308,Serre,Nathalie
PA267891,Portelli,Hugues
PA429862,Cayeux,Caroline
PA720538,De Temmerman,Jennifer
PA703487,Gabouty,Jean-Marc
PA718850,Cordier,Pierre
PA429889,Rossignol,Laurence
PA721270,Peu,Stéphane
PA227076,Gourault,Jacqueline
PA711156,Rapin,Jean-François
PA722102,Vidal,Annie
PA720422,Quatennens,Adrien
PA720924,Elimas,Nathalie
PA304737,Huré,Benoît
PA721046,Bassire,Nathalie
PA736174,Capus,Emmanuel
PA719504,Lagleize,Jean-Luc
PA719600,Poulliat,Éric
PA304021,Mélot,Colette
PA429894,Bocquet,Éric
PA719578,Prud'homme,Loïc
PA703508,Guillemot,Annie
PA736212,Bargeton,Julien
PA720802,Pujol,Catherine
PA720298,Cariou,Émilie
PA331381,Grosperrin,Jacques
PA719668,Mirallès,Patricia
PA703526,Karam,Antoine
PA736183,Moga,Jean-Pierre
PA775224,Fernique,Jacques
PA722280,Meyer,Philippe
PA1206,Dupont-Aignan,Nicolas
PA775256,Michau,Jean-Jacques
PA718944,Racon-Bouzon,Cathy
PA1617,Haut,Claude
PA631,Boutant,Michel
PA736230,Laugier,Michel
PA778908,Gosselin,Béatrice
PA721640,Beauvais,Bernadette
PA721262,Vuilletet,Guillaume
PA718706,Fontaine-Domeizel,Emmanuelle
PA720772,Bru,Vincent
PA720354,Jacques,Jean-Michel
PA267018,Raison,Michel
PA721466,Le Gendre,Gilles
PA415460,Anziani,Alain
PA205280,Karoutchi,Roger
PA778910,Sévêque,Alain
PA720222,Girardin,Éric
PA267355,Herth,Antoine
PA268019,Lagarde,Jean-Christophe
PA2543,Revet,Charles
PA719592,Simian,Benoit
PA609726,Aubert,Julien
PA736192,Darcos,Laure
PA722082,Ballet-Blu,Françoise
PA722142,Ruffin,François
PA337633,Girardin,Annick
PA1008,David,Alain
PA703527,Vogel,Jean Pierre
PA709315,Viala,Arnaud
PA721498,Guerini,Stanislas
PA703530,Gremillet,Daniel
PA721352,Cazarian,Danièle
PA429846,Béchu,Christophe
PA703536,Jourda,Gisèle
PA720190,Sorre,Bertrand
PA775280,Rojouan,Bruno
PA721542,Verdier-Jouclas,Marie-Christine
PA721218,Charrière,Sylvie
PA429837,Gattolin,André
PA736222,Vullien,Michèle
PA719558,Balanant,Erwan
PA770871,Pantel,Guylène
PA722374,Isaac-Sibille,Cyrille
PA721670,de Montchalin,Amélie
PA718720,Dufrègne,Jean-Paul
PA736239,Puissat,Frédérique
PA922,Cornu,Gérard
PA2774,Sueur,Jean-Pierre
PA429883,Roger,Gilbert
PA774958,Leseul,Gérard
PA720468,Chenu,Sébastien
PA720342,Le Peih,Nicole
PA671,Bricq,Nicole
PA703481,Tocqueville,Nelly
PA720862,Descrozaille,Frédéric
PA1515,Gorce,Gaëtan
PA736168,Guillotin,Véronique
PA720764,Lasserre,Florence
PA267075,Blanc,Étienne
PA304073,Hummel,Christiane
PA775250,Levi,Pierre-Antoine
PA606375,Poumirol,Émilienne
PA719770,Bachelier,Florian
PA607395,Travert,Stéphane
PA429867,Éblé,Vincent
PA720798,Aliot,Louis
PA695100,Habib,Meyer
PA775184,Blanc,Jean-Baptiste
PA719624,Couillard,Bérangère
PA415462,Chatillon,Alain
PA720446,Liso,Brigitte
PA719310,de Lavergne,Célia
PA405480,Pupponi,François
PA513,Bignon,Jérôme
PA550,Bockel,Jean-Marie
PA2337,Patriat,François
PA736165,Lévrier,Martin
PA719072,Mesnier,Thomas
PA429895,Requier,Jean-Claude
PA721844,Piron,Béatrice
PA722336,Thiébaut,Vincent
PA2056,Marc,François
PA722162,Turquois,Nicolas
PA721996,Loiseau,Patrick
PA720512,Pietraszewski,Laurent
PA703510,Canayer,Agnès
PA774311,Bore,Patrick
PA429860,Leconte,Jean-Yves
PA1308,Filleul,Jean-Jacques
PA719632,Panonacle,Sophie
PA785193,Meignen,Thierry
PA703490,Bigot,Jacques
PA719302,Thourot,Alice
PA720124,Amadou,Aude
PA267330,Zumkeller,Michel
PA747422,Perrot,Évelyne
PA719350,Tamarelle-Verhaeghe,Marie
PA415454,Frassa,Christophe-André
PA705750,Morhet-Richaud,Patricia
PA227017,Beaufils,Marie-France
PA429833,Espagnac,Frédérique
PA267233,Bouillon,Christophe
PA736171,Fournier,Catherine
PA706108,Cigolotti,Olivier
PA719914,Darrieussecq,Geneviève
PA720030,Freschi,Alexandre
PA336316,Bouchet,Jean-Claude
PA722236,Djebbari,Jean-Baptiste
PA703501,Kern,Claude
PA719044,Essayan,Nadia
PA736159,Hassani,Abdallah
PA1695,Jacob,Christian
PA721568,Person,Pierre
PA736206,Guidez,Jocelyne
PA1029,Deflesselles,Bernard
PA720170,Grandjean,Carole
PA736229,Kerrouche,Éric
PA721094,Dunoyer,Philippe
PA267840,Artano,Stéphane
PA703532,Billon,Annick
PA643089,Thiériot,Jean-Louis
PA775186,Blatrix Contat,Florence
PA772971,André,Catherine
PA721372,Pichereau,Damien
PA721644,Kokouendo,Rodrigue
PA606639,Vignal,Patrick
PA721364,Gauvain,Raphaël
PA783468,El Aaraje,Lamia
PA719942,Baudu,Stéphane
PA227088,Leroy,Philippe
PA719756,Cloarec-Le Nabour,Christine
PA736181,Joly,Patrice
PA336175,Pinel,Sylvia
PA721816,Boucard,Ian
PA334116,Maquet,Jacqueline
PA588886,Le Foll,Stéphane
PA718756,Bono-Vandorme,Aude
PA335999,Batho,Delphine
PA721656,Muschotti,Cécile
PA774956,Hemedinger,Yves
PA429870,Cardoux,Jean-Noël
PA773891,Belrhiti,Catherine
PA429873,Bouchoux,Corinne
PA720022,Lauzzana,Michel
PA508,Biémouret,Gisèle
PA775300,Verzelen,Pierre-Jean
PA721946,Marilossian,Jacques
PA719550,Tanguy,Liliana
PA415451,Laurent,Daniel
PA721666,Audibert,Edith
PA721876,Morenas,Adrien
PA304108,Garriaud-Maylam,Joëlle
PA267241,Demilly,Stéphane
PA719032,Bouyx,Bertrand
PA605963,Alauzet,Éric
PA736235,Delattre,Nathalie
PA722218,Delpirou,Cécile
PA609332,Faure,Olivier
PA304088,Gillot,Jacques
PA718736,Peyrol,Bénédicte
PA2272,Néri,Alain
PA608172,Pires Beaune,Christine
PA415446,Maurey,Hervé
PA703534,Chasseing,Daniel
PA719616,Euzet,Christophe
PA719186,Khattabi,Fadila
PA775254,Merillou,Serge
PA610733,Robert,Thierry
PA429897,Bataille,Delphine
PA721896,Faucillon,Elsa
PA429840,Mohamed Soilihi,Thani
PA703529,Jouve,Mireille
PA720568,Thill,Agnès
PA719608,Ménard,Emmanuelle
PA528,Bizet,Jean
PA775180,Benarroche,Guy
PA1275,Falco,Hubert
PA267340,Darnaud,Mathieu
PA736211,Lavarde,Christine
PA721968,Vialay,Michel
PA722094,Hennion,Christine
PA1630,Herbillon,Michel
PA721564,Fajgeles,Élise
PA775236,Hingray,Jean
PA429855,Antiste,Maurice
PA333285,Garot,Guillaume
PA429836,Cohen,Laurence
PA736190,Carrère,Maryse
PA304018,Billout,Michel
PA736166,de la Provôté,Sonia
PA721908,Braun-Pivet,Yaël
PA719146,Acquaviva,Jean-Félix
PA736215,Dagbert,Michel
PA1562,Grosdidier,François
PA718784,Pauget,Éric
PA703538,Durain,Jérôme
PA606212,Collard,Gilbert
PA429864,Bailly,Dominique
PA429869,Delahaye,Vincent
PA736218,Duplomb,Laurent
PA607619,Molac,Paul
PA774935,Tubiana,Danielle
PA1344,Fournier,Bernard
PA721506,Kuster,Brigitte
PA775244,Kulimoetoke,Mikaele
PA304085,Cambon,Christian
PA429838,Vandierendonck,René
PA334654,Straumann,Éric
PA703482,Vaspart,Michel
PA330788,Reynès,Bernard
PA736201,Taillé-Polian,Sophie
PA722382,Dirx,Benjamin
PA304109,Kammermann,Christiane
PA429849,Namy,Christian
PA736220,Lagourgue,Jean-Louis
PA736160,Delmont-Koropoulis,Annie
PA429890,Bertrand,Alain
PA429857,Aïchi,Leila
PA719918,Lainé,Fabien
PA415480,Vall,Raymond
PA719980,Borowczyk,Julien
PA608083,Bourguignon,Brigitte
PA716367,de Rose,Marie-France
PA721538,Roques-Etienne,Muriel
PA720822,Bilde,Bruno
PA775268,Pla,Sebastien
PA721070,Ramassamy,Nadia
PA720074,Janvier,Caroline
PA303992,Keller,Fabienne
PA342196,Rouaux,Claudia
PA719814,Colboc,Fabienne
PA720362,Belhaddad,Belkhir
PA736219,Artigalas,Viviane
PA429852,Vaugrenard,Yannick
PA721984,Latombe,Philippe
PA702054,Claireaux,Stéphane
PA267766,Bricout,Guy
PA722300,Khedher,Anissa
PA331835,Iborra,Monique
PA720488,Six,Valérie
PA708632,Mercier,Marie
PA2905,Vial,Jean-Pierre
PA429848,Tandonnet,Henri
PA721174,Son-Forget,Joachim
PA643210,Lecornu,Sébastien
PA266812,Dennemont,Michel
PA415473,Giudicelli,Colette
PA267260,Poletti,Bérengère
PA775174,Bacci,Jean
PA736189,Marchand,Frédéric
PA703496,Rachline,David
PA722178,Maire,Jacques
PA720952,Taché,Aurélien
PA736196,Wattebled,Dany
PA721916,Pouzyreff,Natalia
PA736241,Jacquin,Olivier
PA429845,Dantec,Ronan
PA721142,Forteza,Paula
PA429851,Savary,René-Paul
PA719294,Clapot,Mireille
PA736221,Leroux,Sébastien
PA267318,Grelier,Jean-Carles
PA223837,Brochand,Bernard
PA721632,Lemoine,Patricia
PA608292,Dubié,Jeanine
PA722194,Provendier,Florence
PA345722,Le Grip,Constance
PA721286,Ramadier,Alain
PA721576,Bouchet Bellecourt,Sylvie
PA775232,Guiol,André
PA736216,Brisson,Max
PA270,André,Michèle
PA720516,Morlighem,Florence
PA415448,de Montgolfier,Albéric
PA721486,Naegelen,Christophe
PA719882,Meynier-Millefert,Marjolaine
PA429853,Vendegou,Hilarion
PA736188,Bazin,Arnaud
PA785857,Vogel,Mélanie
PA721118,Brotherson,Moetai
PA415484,Mazuir,Rachel
PA429871,Favier,Christian
PA267795,Leleux,Jean-Pierre
PA718868,Larive,Michel
PA2420,Pintat,Xavier
PA722030,Bournazel,Pierre-Yves
PA736198,Bonfanti-Dossat,Christine
PA313924,Pointereau,Rémy
PA720480,Parmentier-Lecocq,Charlotte
PA720100,Pradié,Aurélien
PA775262,Parigi,Paul Toussaint
PA703503,de Nicolaÿ,Louis-Jean
PA429885,Placé,Jean-Vincent
PA775182,Bilhac,Christian
PA720692,Roussel,Fabien
PA720154,Dubré-Chirat,Nicole
PA703537,Lopez,Vivette
PA708633,Féret,Corinne
PA720386,Di Filippo,Fabien
PA789593,Ract-Madoux,Daphné
PA721960,Obono,Danièle
PA588884,Autain,Clémentine
PA718780,Trastour-Isnart,Laurence
PA2552,Richard,Alain
PA722126,Chiche,Guillaume
PA703506,Duranton,Nicole
PA2237,Morisset,Jean-Marie
PA342665,Bonne,Bernard
PA721784,Gomez-Bassac,Valérie
PA720870,Mbaye,Jean François
PA2200,Miquel,Gérard
PA775170,Arnaud,Jean-Michel
PA736176,Bories,Pascale
PA718990,Blanc,Anne
PA720684,Dumont,Pierre-Henri
PA266793,Bony,Jean-Yves
PA709298,Delcros,Bernard
PA719194,de Courson,Yolaine
PA720728,Mattei,Jean-Paul
PA719372,Kasbarian,Guillaume
PA340343,Saulignac,Hervé
PA775210,Cozic,Thierry
PA304076,Pierre,Jackie
PA429893,Carvounas,Luc
PA775276,Rietmann,Olivier
PA718918,Louis,Alexandra
PA643184,Klinkert,Brigitte
PA757678,Segouin,Vincent
PA772973,Cabaret,Muriel
PA2449,Pont,Jean-Pierre
PA722240,Venteau,Pierre
PA604,Bouley,Bernard
PA736238,Hugonet,Jean-Raymond
PA736205,Jourda,Muriel
PA721584,Terlier,Jean
PA429859,Vergoz,Michel
PA1744,Joyandet,Alain
PA718710,Boyer,Pascale
PA775172,Bacchi,Jérémy
PA719210,Joncour,Bruno
PA1667,Hue,Robert
PA713448,Brenier,Marine
PA756685,Brulin,Céline
PA736200,Piednoir,Stéphane
PA736161,Jasmin,Victoire
PA429884,Capo-Canellas,Vincent
PA605518,Lambert,François-Michel
PA606675,André,François
PA772756,Cardenes,Stéphane
PA736210,Lanfranchi Dorgal,Christine
PA766947,Gillé,Hervé
PA1476,Gillot,Dominique
PA343493,Rouillard,Gwendal
PA335758,Riester,Franck
PA776983,Evrard,Marie-Agnès
PA563,Bompard,Jacques
PA719130,Michel-Brassart,Monica
PA415495,Houpert,Alain
PA721434,Lardet,Frédérique
PA429854,Charon,Pierre
PA267042,Favennec-Bécot,Yannick
PA721126,Guion-Firmin,Claire
PA721158,Anglade,Pieyre-Alexandre
PA788192,Gacquerre,Amel
PA267324,Gaultier,Jean-Jacques
PA2150,Mélenchon,Jean-Luc
PA415485,Bérit-Débat,Claude
PA605084,Krabal,Jacques
PA2776,Sutour,Simon
PA608741,Tolmont,Sylvie
PA215169,Campion,Claire-Lise
PA607155,Daniel,Yves
PA227089,Létard,Valérie
PA719318,Anthoine,Emmanuelle
PA267673,Folliot,Philippe
PA415449,Lozach,Jean-Jacques
PA1779,Labazée,Georges
PA720622,Bureau-Bonnard,Carole
PA429841,Watrin,Dominique
PA2492,Quentin,Didier
PA610681,Bareigts,Ericka
PA718902,Roussel,Cédric
PA719052,Kervran,Loïc
PA718768,Valetta Ardisson,Alexandra
PA607489,Chevrollier,Guillaume
PA429835,Conway-Mouret,Hélène
PA736191,Féraud,Rémi
PA721442,Petex-Levet,Christelle
PA722268,Wonner,Martine
PA2027,Madrelle,Philippe
PA712014,Ledoux,Vincent
PA719138,Castellani,Michel
PA429881,Archimbaud,Aline
PA642935,Becht,Olivier
PA608016,Louwagie,Véronique
PA429875,Husson,Jean-François
PA720610,Houplain,Myriane
PA736169,Eustache-Brinio,Jacqueline
PA775260,Paoli-Gagin,Vanina
PA719272,Meunier,Frédérique
PA429847,Jouanno,Chantal
PA1573,Guérini,Jean-Noël
PA415475,Blondin,Maryvonne
PA303994,Sittler,Esther
PA2790,Tasca,Catherine
PA721808,Crouzet,Michèle
PA905,Collin,Yvon
PA336439,Clément,Jean-Michel
PA774380,Einaudi,Michèle
PA267735,de Ganay,Claude
PA1198,Dumont,Laurence
PA720066,Rist,Stéphanie
PA736197,de Cidrac,Marta
PA703541,Pellevat,Cyril
PA720278,Orphelin,Matthieu
PA719242,Moreau,Jean-Baptiste
PA2538,Retailleau,Bruno
PA732420,Costes,Josiane
PA721690,Tan,Buon
PA736224,Menonville,Franck
PA737,Carle,Jean-Claude
PA608826,Duby-Muller,Virginie
PA703533,Lalande,Bernard
PA772758,Schoeller,Marie-Noëlle
PA721194,Dumas,Frédérique
PA944,Courteau,Roland
PA1592,Habib,David
PA429863,Lasserre,Jean-Jacques
PA775252,de Marco,Monique
PA732419,Devinaz,Gilbert-Luc
PA736184,Saint-Pé,Denise
PA720394,Trisse,Nicole
PA719728,Le Bohec,Gaël
PA720198,Galbadon,Grégory
PA382672,Goulet,Nathalie
PA720014,Tiegna,Huguette
PA720960,Serva,Olivier
PA722366,Fugit,Jean-Luc
PA719006,Le Vigoureux,Fabrice
PA335532,Pau-Langevin,George
PA719822,Thillaye,Sabine
PA1276,Fanget,Michel
PA703505,Raynal,Claude
PA720968,Benin,Justine
PA719850,Motin,Cendra
PA721852,Lebec,Marie
PA763158,Richer,Marie-Pierre
PA719408,Havet,Nadège
PA2952,Warsmann,Jean-Luc
PA331481,Le Maire,Bruno
PA304086,Procaccia,Catherine
PA267081,Gruny,Pascale
PA719326,Gipson,Séverine
PA721560,Griveaux,Benjamin
PA722110,Wulfranc,Hubert
PA304010,Dominati,Philippe
PA415492,Fournier,Jean-Paul
PA718876,Besson-Moreau,Grégory
PA703512,Monier,Marie-Pierre
PA736208,Rambaud,Didier
PA2258,Nachbar,Philippe
PA2111,Masseret,Jean-Pierre
PA736248,Houllegatte,Jean-Michel
PA718744,Bagarry,Delphine
PA304113,Yung,Richard
PA720888,Taillebois,Sarah
PA341381,Longeot,Jean-François
PA266808,Rolland,Vincent
PA736179,Théophile,Dominique
PA775202,Burgoa,Laurent
PA736217,Tissot,Jean-Claude
PA642695,Bothorel,Éric
PA719664,Lavergne,Pascal
PA720672,Therry,Robert
PA703511,Robert,Sylvie
PA718810,Robert,Mireille
PA721768,Silin,Marie
PA1527,Gournac,Alain
PA721674,Atger,Stéphanie
PA426327,Reichardt,André
PA719778,Jolivet,François
PA719520,Nogal,Mickaël
PA775302,Vial,Cédric
PA716,Calvet,François
PA415468,Ghali,Samia
PA267785,Larrivé,Guillaume
PA718978,Laqhila,Mohamed
PA774313,Garcia,Danièle
PA267429,Cinieri,Dino
PA267585,Vercamer,Francis
PA703106,Malherbe,Hermeline
PA721522,Batut,Xavier
PA719740,Colas-Roy,Jean-Charles
PA720892,Panot,Mathilde
PA720576,Bois,Pascal
PA775288,Somon,Laurent
PA643145,Vainqueur-Christophe,Hélène
PA1142,Doligé,Éric
PA429888,Magner,Jacques-Bernard
PA267801,Jégo,Yves
PA775212,Demas,Patricia
PA2042,Malhuret,Claude
PA720916,Lazaar,Fiona
PA736186,Le Gleut,Ronan
PA720988,Manin,Josette
PA720246,Templier,Sylvain
PA775274,Redon-Sarrazy,Christian
PA719640,Mette,Sophie
PA703500,Bouchet,Gilbert
PA605069,Bricout,Jean-Louis
PA736243,Ouzoulias,Pierre
PA784314,Leclercq,Christophe
PA703522,Bonhomme,François
PA266774,Furst,Laurent
PA672,Bridey,Jean-Jacques
PA736242,Léonhardt,Olivier
PA720944,Park,Zivka
PA722118,Sylla,Sira
PA703485,Ravier,Stéphane
PA1122,Détraigne,Yves
PA415483,Daudigny,Yves
PA721458,Roseren,Xavier
PA267328,Perrin,Cédric
PA369,Baroin,François
PA703513,Chaize,Patrick
PA720696,Descamps,Béatrice
PA719330,Gouttefarde,Fabien
PA775248,Le Rudulier,Stéphane
PA736175,Savoldelli,Pascal
PA736178,de Belenet,Arnaud
PA267780,Firmin Le Bodo,Agnès
PA721616,Rupin,Pacôme
PA719230,Kerlogot,Yannick
PA720908,Moutchou,Naïma
PA642847,Bazin,Thibault
PA1828,Larcher,Gérard
PA736244,Boulay-Espéronnier,Céline
PA736237,Sollogoub,Nadia
PA590034,Carlotti,Marie-Arlette
PA720002,El Haïry,Sarah
PA605991,Genevard,Annie
PA736172,Chauvin,Marie-Christine
PA610654,Nilor,Jean-Philippe
PA719218,Berville,Hervé
PA415464,Laborde,Françoise
PA718694,Delatte,Marc
PA2023,Madec,Roger
PA1001,Daubresse,Marc-Philippe
PA1498,Goasguen,Claude
PA602,Boulard,Jean-Claude
PA736232,Janssens,Jean-Marie
PA304090,Larcher,Serge
PA719258,Delpon,Michel
PA719092,Tuffnell,Frédérique
PA721608,Bourlanges,Jean-Louis
PA720586,Vatin,Pierre
PA719570,Fabre,Catherine
PA304002,Assouline,David
PA441,Bello,Huguette
PA718802,Perea,Alain
PA642756,Harribey,Laurence
PA721438,Rey,Jacques
PA736173,Gréaume,Michelle
PA609245,Lacroute,Valérie
PA2960,Woerth,Éric
PA719830,Démoulin,Nicolas
PA721726,Mauborgne,Sereine
PA303997,Buffet,François-Noël
PA774962,Lebon,Karine
PA415489,Mayet,Jean-François
PA719890,Brulebois,Danielle
PA720116,Brunet,Anne-France
PA643004,Labille,Grégory
PA227097,Trillard,André
PA610634,Azerot,Bruno Nestor
PA267907,Grand,Jean-Pierre
PA775266,Phinera-Horth,Marie-Laure
PA720738,Michels,Thierry
PA227019,Blandin,Marie-Christine
PA721760,Gatel,Maud
PA703523,Loisier,Anne-Catherine
PA719684,Dubost,Coralie
PA720046,Dufeu,Audrey
PA1993,Longuet,Gérard
PA678263,Laurent,Pierre
PA736209,Préville,Angèle
PA720644,Nury,Jérôme
PA721150,Holroyd,Alexandre
PA720598,Deprez-Audebert,Marguerite
PA722358,Gassilloud,Thomas
PA429879,Esnol,Philippe
PA267527,Saddier,Martial
PA720746,Waserman,Sylvain
PA720680,Loquet,Ludovic
PA736247,Babary,Serge
PA736167,de la Gontrie,Marie-Pierre
PA702993,Kanner,Patrick
PA429834,Duchêne,Marie-Annick
PA733,Carcenac,Thierry
PA703521,Panunzi,Jean-Jacques
PA720286,Fiat,Caroline
PA722070,Henriet,Pierre
PA720520,Cattelot,Anne-Laure
PA719946,Peltier,Guillaume
PA267440,Diard,Éric
PA642788,Véran,Olivier
PA2155,Menuel,Gérard
PA342154,Commeinhes,François
PA346876,Solère,Thierry
PA774954,Blin,Anne-Laure
PA340853,Leclerc,Sébastien
PA721004,Lakrafi,Amélia
PA736231,Boyer,Jean-Marc
PA721130,Jacques,Micheline
PA429865,Kaltenbach,Philippe
PA703528,Cabanel,Henri
PA719512,Vignon,Corinne
PA341406,Bourquin,Martial
PA608416,Hetzel,Patrick
PA429886,Cukierman,Cécile
PA415455,Magras,Michel
PA721880,Guévenoux,Marie
PA759192,Poudroux,Jean-Luc
PA642858,Lefebvre,Nadège
PA722150,Houlié,Sacha
PA227024,David,Annie
PA2640,Roustan,Max
PA719412,Le Feur,Sandrine
PA1012,de la Verpillière,Charles
PA651963,Lipietz,Hélène
PA721992,Gallerneau,Patricia
PA722022,Romeiro Dias,Laëtitia
PA304017,Morin-Desailly,Catherine
PA332228,Benoit,Thierry
PA719100,Ardouin,Jean-Philippe
PA606202,Dumas,Françoise
PA610775,Gomès,Philippe
PA415459,Cartron,Françoise
PA721710,Peyron,Michèle
PA758431,Regnard,Damien
PA719842,Laabid,Mustapha
PA721734,Michel-Kleisbauer,Philippe
PA720590,Potterie,Benoit
PA703517,Micouleau,Brigitte
PA719388,Le Meur,Annaïg
PA703495,Roux,Jean-Yves
PA267378,Levy,Geneviève
PA267512,Marc,Alain
PA720318,Zannier,Hélène
PA304062,Dubois,Daniel
PA2529,Reitzer,Jean-Luc
PA719170,Charvier,Fannette
PA607090,Vigier,Jean-Pierre
PA721246,Gaillot,Albane
PA721976,Millienne,Bruno
PA722090,Pételle,Bénédicte
PA707707,Laurey,Nuihau
PA268040,Cornano,Jacques
PA227083,Herviaux,Odette
PA722244,Magne,Marie-Ange
PA719700,Huppé,Philippe
PA609590,Rabault,Valérie
PA608011,Pueyo,Joaquim
PA721792,Guerel,Émilie
PA721278,Anato,Patrice
PA721210,Corbière,Alexis
PA703519,Amiel,Michel
PA607193,Errante,Sophie
PA703531,Castelli,Joseph
PA720900,Rilhac,Cécile
PA775178,Bellurot,Nadine
PA719922,Causse,Lionel
PA721636,Parigi,Jean-François
PA267112,Deseyne,Chantal
PA703494,Di Folco,Catherine
PA360,Barbier,Gilbert
PA775240,Joseph,Else
PA720438,Di Pompeo,Christophe
PA429887,Guerriau,Joël
PA303995,Schillinger,Patricia
PA429882,Desplan,Félix
PA719952,Mis,Jean-Michel
PA642764,Aviragnet,Joël
PA703491,Tourenne,Jean-Louis
PA331567,de La Raudière,Laure
PA721012,Kéclard-Mondésir,Manuéla
PA775296,Varaillas,Marie-Claude
PA775188,Bonneau,François
PA736194,Meurant,Sébastien
PA720242,Abba,Bérangère
PA2613,Rome,Yves
PA2360,Percheron,Daniel
PA2444,Poncelet,Christian
PA334149,Fasquelle,Daniel
PA266776,Reiss,Frédéric
PA1019,Debré,Isabelle
PA721384,Fontenel-Personne,Pascale
PA304015,Pozzo di Borgo,Yves
PA736223,Henno,Olivier
PA406065,Pillet,François
PA677483,Mazars,Stéphane
PA1960,Leroy,Maurice
PA702052,Sage,Maina
PA775176,Belin,Bruno
PA744079,Bascher,Jérôme
PA775234,Haye,Ludovic
PA721860,Cesarini,Jean-François
PA722078,Savatier,Jacques
PA719464,Nadot,Sébastien
PA330684,Boyer,Valérie
PA330357,Dussopt,Olivier
PA719710,David,Dominique
PA331582,Vigier,Philippe
PA718674,Givernet,Olga
PA267872,Pemezec,Philippe
PA721864,Zitouni,Souad
PA721764,Grégoire,Olivia
PA332747,de Rugy,François
PA415467,de Legge,Dominique
PA267762,Decool,Jean-Pierre
PA721410,Bonnivard,Émilie
PA2447,Poniatowski,Ladislas
PA718954,Ahamada,Saïd
PA775220,Dumont,Françoise
PA721600,Rossi,Laurianne
PA722344,Julien-Laferrière,Hubert
PA721024,Genetet,Anne
PA719660,Dubos,Christelle
PA722046,Bergé,Aurore
PA643103,Ferrara,Jean-Jacques
PA720928,Corceiro,David
PA2371,Perol-Dumont,Marie-Françoise
PA721036,Adam,Lénaïck
