uid,objet,type,date,sort,identiques,amendement,sous_amendement
VTANR5L16V1235,l'amendement n° 513 de M. Jean-Philippe Tanguy après l'article 13 du projet de loi relatif à l’accélération des procédures liées à la construction de nouvelles installations nucléaires à proximité de sites nucléaires existants et au fonctionnement des installations existantes (première lecture).,scrutin public ordinaire,2023-03-16,rejeté,False,True,False
VTANR5L16V704,l'amendement n° 554 de Mme Mathilde Paris à l'article 3 (examen prioritaire) du projet de loi relatif à l'accélération de la production d'énergies renouvelables (première lecture).,scrutin public ordinaire,2022-12-08,rejeté,False,True,False
VTANR5L16V319,l'amendement n° 3248 de Mme Parmentier après l'article 3 du projet de loi de finances pour 2023 (première lecture).,scrutin public ordinaire,2022-10-14,rejeté,False,True,False
VTANR5L16V694,l'amendement n° 2189 de M. de Fournas à l'article 3 (examen prioritaire) du projet de loi relatif à l'accélération de la production d'énergies renouvelables (première lecture).,scrutin public ordinaire,2022-12-07,rejeté,False,True,False
VTANR5L16V1183,l'amendement n° 351 de M. Meurin à l'article 1er D du projet de loi relatif à l'accélération des procédures lièes à la construction de nouvelles installations nucléaires à proximité de sites nucléaires existants et au fonctionnement des installations existantes (première lecture).,scrutin public ordinaire,2023-03-14,rejeté,False,True,False
VTANR5L16V845,l'amendement n° 24 de M. de Fournas après l'article premier de la proposition de loi visant à sécuriser l'approvisionnement des Français en produits de grande consommation (première lecture).,scrutin public ordinaire,2023-01-18,rejeté,False,True,False
VTANR5L16V1384,l'amendement n° 24 de Mme Parmentier après l'article 3 de la proposition de loi visant à mieux manger en soutenant les Français face à l'inflation et en favorisant l'accès à une alimentation saine (première lecture).,scrutin public ordinaire,2023-04-06,rejeté,False,True,False
VTANR5L16V404,l'amendement n° 1892 de Mme Lechanteux à l'article 27 et État B de la seconde partie du projet de loi de finances pour 2023 (première lecture) - Mission Justice,scrutin public ordinaire,2022-10-27,rejeté,False,True,False
VTANR5L16V1508,l'amendement n° 153 de M. Rancoule à l'article premier de la proposition de loi visant à renforcer la prévention et la lutte contre l'intensification et l'extension du risque incendie (première lecture).,scrutin public ordinaire,2023-05-15,rejeté,False,True,False
VTANR5L16V696,le sous-amendement n° 3088 de Mme Mathilde Paris à l'amendement n° 2200 de M. Alfandari à l'article 3 (examen prioritaire) du projet de loi relatif à l'accélération de la production d'énergies renouvelables (première lecture).,scrutin public ordinaire,2022-12-08,rejeté,False,True,True
VTANR5L16V1498,l'amendement n° 70 de Mme Parmentier après l'article unique de la proposition de loi visant à rendre obligatoire le pavoisement des drapeaux français et européen sur le fronton des mairies (première lecture).,scrutin public ordinaire,2023-05-10,rejeté,False,True,False
VTANR5L16V825,l'amendement n° 26 de M. Bentz après l'article premier de la proposition de loi visant à favoriser et inciter les entreprises à augmenter les salaires nets de 10% (première lecture).,scrutin public ordinaire,2023-01-12,rejeté,False,True,False
VTANR5L16V1324,l'amendement n° 8 de M. Tivoli à l'article 1er A de la proposition de loi visant à protéger les logements contre l'occupation illicite (deuxième lecture).,scrutin public ordinaire,2023-03-29,rejeté,False,True,False
VTANR5L16V631,l'amendement n° 42 rectifié de M. Hébrard à l'article premier de la proposition de loi portant réintégration du personnel des établissements de santé et de secours non-vacciné grâce à un protocole sanitaire renforcé (première lecture).,scrutin public ordinaire,2022-11-24,rejeté,False,True,False
VTANR5L16V29,l'amendement n° 332 de Mme Paris à l'article premier du projet de loi portant mesures d'urgence pour la protection du pouvoir d'achat (première lecture).,scrutin public ordinaire,2022-07-19,rejeté,False,True,False
VTANR5L16V1630,l'amendement n° 252 de M. François à l'article 2 et rapport annexé du projet de loi relatif à la programmation militaire pour les années 2024 à 2030 et portant diverses dispositions intéressant la défense (première lecture).,scrutin public ordinaire,2023-05-25,rejeté,False,True,False
VTANR5L16V1265,l'amendement n° 563 de Mme Colombier à l'article 7 du projet de loi relatif aux jeux Olympiques et Paralympiques de 2024 et portant diverses autres dispositions (première lecture).,scrutin public ordinaire,2023-03-22,rejeté,False,True,False
VTANR5L16V1624,l'amendement n° 1471 de M. Gonzalez à l'article 2 et rapport annexé du projet de loi relatif à la programmation militaire pour les années 2024 à 2030 et portant diverses dispositions intéressant la défense (première lecture).,scrutin public ordinaire,2023-05-24,rejeté,False,True,False
VTANR5L16V1135,l'amendement n° 95 de Mme Loir après l'article 2 de la proposition de loi relative à la prévention de l'exposition excessive des enfants aux écrans (première lecture).,scrutin public ordinaire,2023-03-07,rejeté,False,True,False
VTANR5L16V1596,l'amendement n° 203 de M. Boccaletti à l'article 2 et rapport annexé du projet de loi relatif à la programmation militaire pour les années 2024 à 2030 et portant diverses dispositions intéressant la défense (première lecture).,scrutin public ordinaire,2023-05-23,rejeté,False,True,False
VTANR5L16V1599,l'amendement n° 65 de Mme Colombier à l'article 2 et rapport annexé du projet de loi relatif à la programmation militaire pour les années 2024 à 2030 et portant diverses dispositions intéressant la défense (première lecture).,scrutin public ordinaire,2023-05-23,rejeté,False,True,False
VTANR5L16V1429,l'amendement n° 881 de Mme Lavalette à l'article 3 de la proposition de loi portant mesures pour bâtir la société du bien vieillir en France (première lecture).,scrutin public ordinaire,2023-04-13,rejeté,False,True,False
VTANR5L16V1279,l'amendement n° 127 de M. Cabrolier à l'article 18 du projet de loi relatif aux jeux Olympiques et Paralympiques de 2024 et portant diverses autres dispositions (première lecture).,scrutin public ordinaire,2023-03-23,rejeté,False,True,False
VTANR5L16V175,l'amendement n° 633 de M. Jean-Philippe Tanguy après l'article 10 du projet de loi de finances rectificative pour 2022 (première lecture).,scrutin public ordinaire,2022-07-26,rejeté,False,True,False
VTANR5L16V1541,l'amendement n° 537 de M. Meurin à l'article 13 de la proposition de loi visant à renforcer la prévention et la lutte contre l'intensification et l'extension du risque incendie (première lecture).,scrutin public ordinaire,2023-05-16,rejeté,False,True,False
VTANR5L16V684,l'amendement n° 1533 (rect.) de M. Meurin à l'article 1er F du projet de loi relatif à l'accélération de la production d'énergies renouvelables (première lecture).,scrutin public ordinaire,2022-12-07,rejeté,False,True,False
VTANR5L16V440,l'amendement n° 1448 de M. Ballard à l'article 27 et État B de la seconde partie du projet de loi de finances pour 2023 (première lecture) - Mission Culture.,scrutin public ordinaire,2022-10-28,rejeté,False,True,False
VTANR5L16V643,l'amendement n° 56 de M. Pfeffer après l'article 5 de la proposition de loi visant à protéger les logements contre l'occupation illicite (première lecture).,scrutin public ordinaire,2022-11-29,rejeté,False,True,False
VTANR5L16V298,l'amendement n° 551 de M. Lottiaux après l'article 3 du projet de loi de finances pour 2023 (première lecture).,scrutin public ordinaire,2022-10-14,rejeté,False,True,False
VTANR5L16V285,l'amendement n° 3402 (rect.) de M. Buisson après l'article 3 du projet de loi de finances pour 2023 (première lecture).,scrutin public ordinaire,2022-10-13,rejeté,False,True,False
VTANR5L16V1437,l'amendement n° 992 de Mme Colombier après l'article 3 de la proposition de loi portant mesures pour bâtir la société du bien vieillir en France (première lecture).,scrutin public ordinaire,2023-04-13,rejeté,False,True,False
VTANR5L16V884,"l'amendement de suppression n° 78 de M. Villedieu à l'article 26 du projet de loi portant diverses dispositions d'adaptation au droit de l'Union européenne dans les domaines de l'économie, de la santé, du travail, des transports et de l'agriculture (première lecture).",scrutin public ordinaire,2023-01-24,rejeté,False,True,False
VTANR5L16V1640,l'amendement n° 331 de M. Jacobelli à l'article 2 et rapport annexé du projet de loi relatif à la programmation militaire pour les années 2024 à 2030 et portant diverses dispositions intéressant la défense (première lecture).,scrutin public ordinaire,2023-05-25,rejeté,False,True,False
VTANR5L16V1130,l'amendement n° 16 de Mme Lavalette après l'article premier de la proposition de loi relative à la prévention de l'exposition excessive des enfants aux écrans (première lecture).,scrutin public ordinaire,2023-03-07,rejeté,False,True,False
VTANR5L16V1171,l'amendement n° 558 de Mme Florence Goulet à l'article 1er D du projet de loi relatif à l'accélération des procédures lièes à la construction de nouvelles installations nucléaires à proximité de sites nucléaires existants et au fonctionnement des installations existantes (première lecture).,scrutin public ordinaire,2023-03-13,rejeté,False,True,False
VTANR5L16V416,l'amendement n° 1851 de M. Schreck à l'article 30 et État G de la seconde partie du projet de loi de finances pour 2023 (première lecture) - Mission Justice,scrutin public ordinaire,2022-10-27,rejeté,False,True,False
VTANR5L16V980,l'amendement n° 16625 de M. Jean-Philippe Tanguy après l'article 2 du projet de loi de financement rectificative de la sécurité sociale pour 2023 (première lecture).,scrutin public ordinaire,2023-02-15,rejeté,False,True,False
VTANR5L16V644,l'amendement n° 137 de M. Loubet après l'article 5 de la proposition de loi visant à protéger les logements contre l'occupation illicite (première lecture).,scrutin public ordinaire,2022-11-29,rejeté,False,True,False
VTANR5L16V1241,"la motion de censure déposée en application de l'article 49, alinéa 3, de la Constitution par Mme Marine Le Pen et 87 membres de l'Assemblée.",scrutin public solennel,2023-03-20,rejeté,False,False,False
VTANR5L16V1595,l'amendement n° 563 de M. Giletti à l'article 2 et rapport annexé du projet de loi relatif à la programmation militaire pour les années 2024 à 2030 et portant diverses dispositions intéressant la défense (première lecture).,scrutin public ordinaire,2023-05-23,rejeté,False,True,False
VTANR5L16V539,l'amendement n° 487 de M. Mauvieux à l'article 4 et État B du projet de loi de finances rectificative pour 2022 (première lecture).,scrutin public ordinaire,2022-11-08,rejeté,False,True,False
VTANR5L16V766,l'amendement n° 585 de M. Meurin à l'article 12 du projet de loi relatif à l'accélération de la production d'énergies renouvelables (première lecture).,scrutin public ordinaire,2022-12-13,rejeté,False,True,False
VTANR5L16V775,l'amendement n° 2766 de M. Meizonnet à l'article 16 du projet de loi relatif à l'accélération de la production d'énergies renouvelables (première lecture).,scrutin public ordinaire,2022-12-13,rejeté,False,True,False
VTANR5L16V959,l'amendement n° 14172 de M. Baubry à l'article 2 du projet de loi de financement rectificative de la sécurité sociale pour 2023 (première lecture).,scrutin public ordinaire,2023-02-13,rejeté,False,True,False
VTANR5L16V1539,l'amendement n° 2 de M. Gillet après l'article 10 de la proposition de loi visant à renforcer la prévention et la lutte contre l'intensification et l'extension du risque incendie (première lecture).,scrutin public ordinaire,2023-05-16,rejeté,False,True,False
VTANR5L16V1100,l'amendement n° 50 de Mme Lechanteux à l'article premier de la proposition de loi visant à mieux lutter contre la récidive (première lecture).,scrutin public ordinaire,2023-03-02,rejeté,False,True,False
VTANR5L16V1610,l'amendement n° 1045 de M. Giletti à l'article 2 et rapport annexé du projet de loi relatif à la programmation militaire pour les années 2024 à 2030 et portant diverses dispositions intéressant la défense (première lecture).,scrutin public ordinaire,2023-05-24,rejeté,False,True,False
VTANR5L16V1121,l'amendement n° 12 de Mme Loir à l'article premier de la proposition de loi relative à la prévention de l'exposition excessive des enfants aux écrans (première lecture).,scrutin public ordinaire,2023-03-06,rejeté,False,True,False
VTANR5L16V754,l'amendement n° 209 de Mme Alexandra Masson à l'article 11 decies C du projet de loi relatif à l'accélération de la production d'énergies renouvelables (première lecture).,scrutin public ordinaire,2022-12-12,rejeté,False,True,False
VTANR5L16V1634,l'amendement n° 541 de Mme Colombier à l'article 2 et rapport annexé du projet de loi relatif à la programmation militaire pour les années 2024 à 2030 et portant diverses dispositions intéressant la défense (première lecture).,scrutin public ordinaire,2023-05-25,rejeté,False,True,False
VTANR5L16V406,l'amendement n° 1891 de M. de Lépinau à l'article 27 et État B de la seconde partie du projet de loi de finances pour 2023 (première lecture) - Mission Justice,scrutin public ordinaire,2022-10-27,rejeté,False,True,False
VTANR5L16V426,l'amendement n° 1263 de Mme Loir à l'article 27 et État B de la seconde partie du projet de loi de finances pour 2023 (première lecture) - Mission Culture.,scrutin public ordinaire,2022-10-28,rejeté,False,True,False
VTANR5L16V348,l'amendement n° 201 de M. Bilde à l'article 25 du projet de loi de finances pour 2023 (première lecture).,scrutin public ordinaire,2022-10-19,rejeté,False,True,False
VTANR5L16V1304,l'amendement n° 19 de M. Berteloot à l'article premier de la proposition de loi visant à lutter contre le dumping social sur le transmanche (première lecture).,scrutin public ordinaire,2023-03-27,rejeté,False,True,False
VTANR5L16V299,l'amendement n° 202 de M. Bilde après l'article 3 du projet de loi de finances pour 2023 (première lecture).,scrutin public ordinaire,2022-10-14,rejeté,False,True,False
VTANR5L16V46,l'amendement n° 322 de Mme Le Pen après l'article 5 du projet de loi portant mesures d'urgence pour la protection du pouvoir d'achat (première lecture).,scrutin public ordinaire,2022-07-20,rejeté,False,True,False
VTANR5L16V1267,l'amendement n° 217 de Mme Galzy à l'article 7 du projet de loi relatif aux jeux Olympiques et Paralympiques de 2024 et portant diverses autres dispositions (première lecture).,scrutin public ordinaire,2023-03-22,rejeté,False,True,False
VTANR5L16V473,l'amendement n° 1408 de M. Gillet à l'article 27 et État B de la seconde partie du projet de loi de finances pour 2023 (première lecture) - Mission Outre-Mer.,scrutin public ordinaire,2022-10-28,rejeté,False,True,False
VTANR5L16V1463,l'amendement de rédaction globale n° 11 de M. Sabatou à l'article premier (supprimé) de la proposition de loi visant à protéger le groupe Électricité de France d'un démembrement (deuxième lecture).,scrutin public ordinaire,2023-05-04,rejeté,False,True,False
VTANR5L16V1688,l'amendement n° 1697 de M. Giletti à l'article 3 du projet de loi relatif à la programmation militaire pour les années 2024 à 2030 et portant diverses dispositions intéressant la défense (première lecture).,scrutin public ordinaire,2023-05-26,rejeté,False,True,False
VTANR5L16V1537,l'amendement n° 4 de M. Gillet après l'article 10 de la proposition de loi visant à renforcer la prévention et la lutte contre l'intensification et l'extension du risque incendie (première lecture).,scrutin public ordinaire,2023-05-16,rejeté,False,True,False
VTANR5L16V317,l'amendement n° 2829 de M. Bryan Masson après l'article 3 du projet de loi de finances pour 2023 (première lecture).,scrutin public ordinaire,2022-10-14,rejeté,False,True,False
VTANR5L16V1138,l'amendement n° 6 de M. Frappé après l'article 5 de la proposition de loi relative à la prévention de l'exposition excessive des enfants aux écrans (première lecture).,scrutin public ordinaire,2023-03-07,rejeté,False,True,False
VTANR5L16V1125,l'amendement n° 15 de Mme Lavalette à l'article premier de la proposition de loi relative à la prévention de l'exposition excessive des enfants aux écrans (première lecture).,scrutin public ordinaire,2023-03-06,rejeté,False,True,False
VTANR5L16V1790,l'amendement n° 15 de Mme Parmentier après l'article 3 de la proposition de loi visant à renforcer la continuité territoriale en Outre-Mer (première lecture).,scrutin public ordinaire,2023-06-08,rejeté,False,True,False
VTANR5L16V1363,le sous-amendement n° 103 de M. de Fournas à l'amendement n° 94 du Gouvernement à l'article premier de la proposition de loi visant à mieux manger en soutenant les Français face à l'inflation et en favorisant l'accès à une alimentation saine (première lecture).,scrutin public ordinaire,2023-04-06,rejeté,False,True,True
VTANR5L16V819,l'amendement n° 1213 de M. Meizonnet après l'article 28 du projet de loi relatif à l'accélération de la production d'énergies renouvelables (première lecture).,scrutin public ordinaire,2022-12-15,rejeté,False,True,False
VTANR5L16V820,l'amendement n° 556 de Mme Mathilde Paris après l'article 28 du projet de loi relatif à l'accélération de la production d'énergies renouvelables (première lecture).,scrutin public ordinaire,2022-12-15,rejeté,False,True,False
VTANR5L16V1458,"l'amendement n° 9 de Mme Paris à l'article premier de la proposition de loi portant abrogation de l'obligation vaccinale contre la covid-19 dans les secteurs médicaux, paramédicaux et d'aide à la personne et visant à la réintégration des professionnels et étudiants suspendus (première lecture).",scrutin public ordinaire,2023-05-04,rejeté,False,True,False
VTANR5L16V291,l'amendement n° 556 de M. Lottiaux après l'article 3 du projet de loi de finances pour 2023 (première lecture).,scrutin public ordinaire,2022-10-13,rejeté,False,True,False
VTANR5L16V1567,le sous-amendement n° 574 de M. Rancoule à l'amendement n° 546 (rect.) du Gouvernement à l'article 34 (examen prioritaire) de la proposition de loi visant à renforcer la prévention et la lutte contre l'intensification et l'extension du risque incendie (première lecture).,scrutin public ordinaire,2023-05-17,rejeté,False,True,True
VTANR5L16V843,"la motion de rejet préalable, déposée par Mme Marine Le Pen, de la proposition de loi visant à sécuriser l'approvisionnement des Français en produits de grande consommation (première lecture).",scrutin public ordinaire,2023-01-17,rejeté,False,False,False
VTANR5L16V901,l'amendement n° 8 de M. Bovet à l'article premier de la proposition de loi portant fusion des filières à responsabilité élargie des producteurs d'emballages ménagers et des producteurs de papier (première lecture).,scrutin public ordinaire,2023-01-31,rejeté,False,True,False
VTANR5L16V331,l'amendement n° 553 de M. Lottiaux après l'article 3 du projet de loi de finances pour 2023 (première lecture).,scrutin public ordinaire,2022-10-17,rejeté,False,True,False
VTANR5L16V563,l'amendement n° 651 de M. Houssin à l'article 2 du projet de loi d'orientation et de programmation du ministère de l'intérieur (première lecture).,scrutin public ordinaire,2022-11-14,rejeté,False,True,False
VTANR5L16V107,l'amendement n° 958 de Mme Le Pen après l'article premier du projet de loi de finances rectificative pour 2022 (première lecture).,scrutin public ordinaire,2022-07-23,rejeté,False,True,False
VTANR5L16V693,l'amendement n° 1378 de M. Ballard à l'article 3 (examen prioritaire) du projet de loi relatif à l'accélération de la production d'énergies renouvelables (première lecture).,scrutin public ordinaire,2022-12-07,rejeté,False,True,False
VTANR5L16V1573,l'amendement n° 187 de Mme Lechanteux après l'article 34 bis (examen prioritaire) de la proposition de loi visant à renforcer la prévention et la lutte contre l'intensification et l'extension du risque incendie (première lecture).,scrutin public ordinaire,2023-05-17,rejeté,False,True,False
VTANR5L16V770,l'amendement n° 146 de M. Rancoule après l'article 12 du projet de loi relatif à l'accélération de la production d'énergies renouvelables (première lecture).,scrutin public ordinaire,2022-12-13,rejeté,False,True,False
VTANR5L16V449,l'amendement n° 380 de M. Lottiaux à l'article 30 et État G de la seconde partie du projet de loi de finances pour 2023 (première lecture) - Mission Culture.,scrutin public ordinaire,2022-10-28,rejeté,False,True,False
VTANR5L16V464,l'amendement n° 1527 de M. Gillet à l'article 27 et État B de la seconde partie du projet de loi de finances pour 2023 (première lecture) - Mission Outre-Mer.,scrutin public ordinaire,2022-10-28,rejeté,False,True,False
VTANR5L16V472,l'amendement n° 1528 de M. Gillet à l'article 27 et État B de la seconde partie du projet de loi de finances pour 2023 (première lecture) - Mission Outre-Mer.,scrutin public ordinaire,2022-10-28,rejeté,False,True,False
VTANR5L16V1301,l'amendement n° 1 de M. Berteloot à l'article premier de la proposition de loi visant à lutter contre le dumping social sur le transmanche (première lecture).,scrutin public ordinaire,2023-03-27,rejeté,False,True,False
VTANR5L16V1364,le sous-amendement n° 104 de M. de Fournas à l'amendement n° 94 du Gouvernement à l'article premier de la proposition de loi visant à mieux manger en soutenant les Français face à l'inflation et en favorisant l'accès à une alimentation saine (première lecture).,scrutin public ordinaire,2023-04-06,rejeté,False,True,True
VTANR5L16V10,l'amendement n° 43 de M. Pfeffer à l'article 2 du projet de loi maintenant provisoirement un dispositif de veille et de sécurité sanitaire en matière de lutte contre la covid-19 (première lecture).,scrutin public ordinaire,2022-07-12,rejeté,False,True,False
VTANR5L16V485,"la motion de censure déposée en application de l'article 49, alinéa 3, de la Constitution par Mme Marine Le Pen et 88 membres de l'Assemblée.",scrutin public solennel,2022-10-31,rejeté,False,False,False
VTANR5L16V402,l'amendement n° 1414 de M. Schreck à l'article 27 et État B de la seconde partie du projet de loi de finances pour 2023 (première lecture) - Mission Justice,scrutin public ordinaire,2022-10-27,rejeté,False,True,False
VTANR5L16V212,l'amendement n° 227 de Mme Mélin après l'article premier du projet de loi portant mesures d'urgence relatives au fonctionnement du marché du travail en vue du plein emploi (première lecture).,scrutin public ordinaire,2022-10-05,rejeté,False,True,False
VTANR5L16V293,l'amendement n° 2736 de M. Tanguy après l'article 3 du projet de loi de finances pour 2023 (première lecture).,scrutin public ordinaire,2022-10-13,rejeté,False,True,False
VTANR5L16V1522,l'amendement n° 252 de M. Rancoule à l'article 7 bis de la proposition de loi visant à renforcer la prévention et la lutte contre l'intensification et l'extension du risque incendie (première lecture).,scrutin public ordinaire,2023-05-15,rejeté,False,True,False
VTANR5L16V1097,"la motion de censure déposée en application de l'article 49, alinéa 2, de la Constitution par Mme Marine Le Pen et 87 de ses collègues.",scrutin public solennel,2023-02-17,rejeté,False,False,False
VTANR5L16V673,l'amendement n° 1610 de M. Meurin à l'article 1er CBA du projet de loi relatif à l'accélération de la production d'énergies renouvelables (première lecture).,scrutin public ordinaire,2022-12-07,rejeté,False,True,False
VTANR5L16V1270,l'amendement n° 757 de M. Lopez-Liguori à l'article 7 du projet de loi relatif aux jeux Olympiques et Paralympiques de 2024 et portant diverses autres dispositions (première lecture).,scrutin public ordinaire,2023-03-23,adopté,False,True,False
VTANR5L16V442,l'amendement n° 1690 de M. Jean-Philippe Tanguy à l'article 27 et État B de la seconde partie du projet de loi de finances pour 2023 (première lecture) - Mission Culture.,scrutin public ordinaire,2022-10-28,rejeté,False,True,False
VTANR5L16V612,l'amendement n° 786 de M. Taverne à l'article premier et rapport annexé du projet de loi d'orientation et de programmation du ministère de l'intérieur (première lecture).,scrutin public ordinaire,2022-11-18,rejeté,False,True,False
VTANR5L16V1261,l'amendement n° 44 de M. Gillet à l'article 6 du projet de loi relatif aux jeux Olympiques et Paralympiques de 2024 et portant diverses autres dispositions (première lecture).,scrutin public ordinaire,2023-03-22,rejeté,False,True,False
VTANR5L16V647,l'amendement n° 111 de M. Berteloot après l'article 5 de la proposition de loi visant à protéger les logements contre l'occupation illicite (première lecture).,scrutin public ordinaire,2022-11-29,rejeté,False,True,False
VTANR5L16V1536,l'amendement de rédaction globale n° 37 (rect.) de M. de Lépinau à l'article 10 (supprimé) de la proposition de loi visant à renforcer la prévention et la lutte contre l'intensification et l'extension du risque incendie (première lecture).,scrutin public ordinaire,2023-05-16,rejeté,False,True,False
VTANR5L16V752,l'amendement n° 2265 de M. Lopez-Liguori à l'article 11 decies C du projet de loi relatif à l'accélération de la production d'énergies renouvelables (première lecture).,scrutin public ordinaire,2022-12-12,rejeté,False,True,False
VTANR5L16V1246,l'amendement n° 627 de M. Rancoule à l'article premier du projet de loi relatif aux jeux Olympiques et Paralympiques de 2024 et portant diverses autres dispositions (première lecture).,scrutin public ordinaire,2023-03-21,rejeté,False,True,False
VTANR5L16V1655,l'amendement n° 352 de M. Jacobelli à l'article 2 et rapport annexé du projet de loi relatif à la programmation militaire pour les années 2024 à 2030 et portant diverses dispositions intéressant la défense (première lecture).,scrutin public ordinaire,2023-05-26,rejeté,False,True,False
VTANR5L16V1184,l'amendement n° 510 de M. Villedieu à l'article 1er D du projet de loi relatif à l'accélération des procédures liées à la construction de nouvelles installations nucléaires à proximité de sites nucléaires existants et au fonctionnement des installations existantes (première lecture).,scrutin public ordinaire,2023-03-14,rejeté,False,True,False
VTANR5L16V1143,l'amendement n° 2 de M. Houssin à l'article 2 undecies de la proposition de loi relative au régime juridique des actions de groupe (première lecture).,scrutin public ordinaire,2023-03-08,rejeté,False,True,False
VTANR5L16V1612,l'amendement n° 1173 de M. Giletti à l'article 2 et rapport annexé du projet de loi relatif à la programmation militaire pour les années 2024 à 2030 et portant diverses dispositions intéressant la défense (première lecture).,scrutin public ordinaire,2023-05-24,rejeté,False,True,False
VTANR5L16V213,l'amendement n° 242 de M. Catteau après l'article premier du projet de loi portant mesures d'urgence relatives au fonctionnement du marché du travail en vue du plein emploi (première lecture).,scrutin public ordinaire,2022-10-05,rejeté,False,True,False
VTANR5L16V1310,l'amendement n° 20 de M. Berteloot après l'article premier de la proposition de loi visant à lutter contre le dumping social sur le transmanche (première lecture).,scrutin public ordinaire,2023-03-28,rejeté,False,True,False
VTANR5L16V1392,l'amendement n° 49 de M. Berteloot après l'article premier de la proposition de loi visant à mieux indemniser les dégâts sur les biens immobiliers causés par le retrait-gonflement de l'argile (première lecture).,scrutin public ordinaire,2023-04-06,rejeté,False,True,False
VTANR5L16V420,l'amendement n° 1054 de Mme Le Pen à l'article 27 et État B de la seconde partie du projet de loi de finances pour 2023 (première lecture) - Mission Défense,scrutin public ordinaire,2022-10-27,rejeté,False,True,False
VTANR5L16V403,l'amendement n° 1882 de M. Schreck à l'article 27 et État B de la seconde partie du projet de loi de finances pour 2023 (première lecture) - Mission Justice,scrutin public ordinaire,2022-10-27,rejeté,False,True,False
VTANR5L16V1250,l'amendement n° 482 de M. Guitton à l'article 2 du projet de loi relatif aux jeux Olympiques et Paralympiques de 2024 et portant diverses autres dispositions (première lecture).,scrutin public ordinaire,2023-03-21,rejeté,False,True,False
VTANR5L16V1020,l'amendement n° 16663 de M. Jean-Philippe Tanguy après l'article 2 du projet de loi de financement rectificative de la sécurité sociale pour 2023 (première lecture).,scrutin public ordinaire,2023-02-17,rejeté,False,True,False
VTANR5L16V1273,l'amendement n° 70 de M. Gillet à l'article 7 du projet de loi relatif aux jeux Olympiques et Paralympiques de 2024 et portant diverses autres dispositions (première lecture).,scrutin public ordinaire,2023-03-23,rejeté,False,True,False
VTANR5L16V428,l'amendement n° 180 de Mme Blanc à l'article 27 et État B de la seconde partie du projet de loi de finances pour 2023 (première lecture) - Mission Culture.,scrutin public ordinaire,2022-10-28,rejeté,False,True,False
VTANR5L16V266,l'amendement n° 3367 de M. Jean-Philippe Tanguy après l'article 3 du projet de loi de finances pour 2023 (première lecture).,scrutin public ordinaire,2022-10-12,rejeté,False,True,False
VTANR5L16V785,l'amendement n° 1105 de Mme Laporte à l'article 11 decies du projet de loi relatif à l'accélération de la production d'énergies renouvelables (première lecture).,scrutin public ordinaire,2022-12-14,rejeté,False,True,False
VTANR5L16V985,l'amendement n° 16634 de M. Jean-Philippe Tanguy après l'article 2 du projet de loi de financement rectificative de la sécurité sociale pour 2023 (première lecture).,scrutin public ordinaire,2023-02-15,rejeté,False,True,False
VTANR5L16V321,l'amendement n° 3249 de Mme Parmentier après l'article 3 du projet de loi de finances pour 2023 (première lecture).,scrutin public ordinaire,2022-10-14,rejeté,False,True,False
VTANR5L16V755,l'amendement n° 1796 de M. Bovet à l'article 11 decies C du projet de loi relatif à l'accélération de la production d'énergies renouvelables (première lecture).,scrutin public ordinaire,2022-12-12,rejeté,False,True,False
VTANR5L16V1123,l'amendement n° 96 de Mme Loir à l'article premier de la proposition de loi relative à la prévention de l'exposition excessive des enfants aux écrans (première lecture).,scrutin public ordinaire,2023-03-06,rejeté,False,True,False
VTANR5L16V1430,l'amendement n° 885 de Mme Lavalette à l'article 3 de la proposition de loi portant mesures pour bâtir la société du bien vieillir en France (première lecture).,scrutin public ordinaire,2023-04-13,rejeté,False,True,False
VTANR5L16V1719,l'amendement n° 1040 de M. Giletti après l'article 14 du projet de loi relatif à la programmation militaire pour les années 2024 à 2030 et portant diverses dispositions intéressant la défense (première lecture).,scrutin public ordinaire,2023-05-31,rejeté,False,True,False
VTANR5L16V1653,l'amendement n° 1610 de M. Lopez-Liguori à l'article 2 et rapport annexé du projet de loi relatif à la programmation militaire pour les années 2024 à 2030 et portant diverses dispositions intéressant la défense (première lecture).,scrutin public ordinaire,2023-05-26,rejeté,False,True,False
VTANR5L16V537,l'amendement n° 492 de M. Mauvieux à l'article 4 et État B du projet de loi de finances rectificative pour 2022 (première lecture).,scrutin public ordinaire,2022-11-08,rejeté,False,True,False
VTANR5L16V1320,l'amendement n° 105 de Mme Lechanteux à l'article 1er A de la proposition de loi visant à protéger les logements contre l'occupation illicite (deuxième lecture).,scrutin public ordinaire,2023-03-29,rejeté,False,True,False
VTANR5L16V1633,l'amendement n° 1605 de M. Blanchet à l'article 2 et rapport annexé du projet de loi relatif à la programmation militaire pour les années 2024 à 2030 et portant diverses dispositions intéressant la défense (première lecture).,scrutin public ordinaire,2023-05-25,adopté,False,True,False
VTANR5L16V1793,l'amendement n° 30 de M. Blairy après l'article 4 de la proposition de loi visant à renforcer la continuité territoriale en Outre-Mer (première lecture).,scrutin public ordinaire,2023-06-08,rejeté,False,True,False
VTANR5L16V172,l'amendement n° 635 de M. Jean-Philippe Tanguy après l'article 10 du projet de loi de finances rectificative pour 2022 (première lecture).,scrutin public ordinaire,2022-07-26,rejeté,False,True,False
VTANR5L16V642,l'amendement n° 191 de M. Gonzalez après l'article 5 de la proposition de loi visant à protéger les logements contre l'occupation illicite (première lecture).,scrutin public ordinaire,2022-11-29,rejeté,False,True,False
VTANR5L16V1203,l'amendement n° 588 de Mme Florence Goulet à l'article premier du projet de loi relatif à l’accélération des procédures liées à la construction de nouvelles installations nucléaires à proximité de sites nucléaires existants et au fonctionnement des installations existantes (première lecture).,scrutin public ordinaire,2023-03-15,rejeté,False,True,False
VTANR5L16V1238,l'amendement n° 363 de M. Meurin après l'article 13 du projet de loi relatif à l’accélération des procédures liées à la construction de nouvelles installations nucléaires à proximité de sites nucléaires existants et au fonctionnement des installations existantes (première lecture).,scrutin public ordinaire,2023-03-16,rejeté,False,True,False
VTANR5L16V575,l'amendement n° 761 de M. de Lépinau à l'article 6 du projet de loi d'orientation et de programmation du ministère de l'intérieur (première lecture).,scrutin public ordinaire,2022-11-15,rejeté,False,True,False
VTANR5L16V608,l'amendement n° 717 de M. Houssin à l'article premier et rapport annexé du projet de loi d'orientation et de programmation du ministère de l'intérieur (première lecture).,scrutin public ordinaire,2022-11-18,rejeté,False,True,False
VTANR5L16V1543,l'amendement n° 113 de M. Tivoli à l'article 15 de la proposition de loi visant à renforcer la prévention et la lutte contre l'intensification et l'extension du risque incendie (première lecture).,scrutin public ordinaire,2023-05-16,rejeté,False,True,False
VTANR5L16V1172,l'amendement n° 348 de M. Meurin à l'article 1er D du projet de loi relatif à l'accélération des procédures lièes à la construction de nouvelles installations nucléaires à proximité de sites nucléaires existants et au fonctionnement des installations existantes (première lecture).,scrutin public ordinaire,2023-03-13,rejeté,False,True,False
VTANR5L16V606,l'amendement n° 1189 de M. Berteloot à l'article premier et rapport annexé du projet de loi d'orientation et de programmation du ministère de l'intérieur (première lecture).,scrutin public ordinaire,2022-11-17,rejeté,False,True,False
VTANR5L16V1269,le sous-amendement n° 789 de M. Bothorel à l'amendement n° 757 de M. Lopez-Liguori à l'article 7 du projet de loi relatif aux jeux Olympiques et Paralympiques de 2024 et portant diverses autres dispositions (première lecture).,scrutin public ordinaire,2023-03-23,adopté,False,True,True
VTANR5L16V452,l'amendement n° 1438 de Mme Le Pen à l'article 27 et État B de la seconde partie du projet de loi de finances pour 2023 (première lecture) - Mission Outre-Mer.,scrutin public ordinaire,2022-10-28,rejeté,False,True,False
VTANR5L16V757,l'amendement de suppression n° 3029 de M. Baubry à l'article 12 du projet de loi relatif à l'accélération de la production d'énergies renouvelables (première lecture).,scrutin public ordinaire,2022-12-12,rejeté,False,True,False
VTANR5L16V455,l'amendement n° 1430 de Mme Le Pen à l'article 27 et État B de la seconde partie du projet de loi de finances pour 2023 (première lecture) - Mission Outre-Mer.,scrutin public ordinaire,2022-10-28,rejeté,False,True,False
VTANR5L16V310,l'amendement n° 2851 de M. Jean-Philippe Tanguy après l'article 3 du projet de loi de finances pour 2023 (première lecture).,scrutin public ordinaire,2022-10-14,rejeté,False,True,False
VTANR5L16V534,l'amendement n° 509 de M. Mauvieux à l'article 4 et État B du projet de loi de finances rectificative pour 2022 (première lecture).,scrutin public ordinaire,2022-11-08,rejeté,False,True,False
VTANR5L16V18,l'amendement n° 677 de M. Catteau à l'article premier du projet de loi portant mesures d'urgence pour la protection du pouvoir d'achat (première lecture).,scrutin public ordinaire,2022-07-18,rejeté,False,True,False
VTANR5L16V1188,l'amendement n° 407 de M. de Fournas à l'article 1er E du projet de loi relatif à l'accélération des procédures liées à la construction de nouvelles installations nucléaires à proximité de sites nucléaires existants et au fonctionnement des installations existantes (première lecture).,scrutin public ordinaire,2023-03-14,rejeté,False,True,False
VTANR5L16V222,l'amendement n° 207 de M. Villedieu à l'article 4 du projet de loi portant mesures d'urgence relatives au fonctionnement du marché du travail en vue du plein emploi (première lecture).,scrutin public ordinaire,2022-10-05,rejeté,False,True,False
VTANR5L16V1792,l'amendement n° 2 de Mme Parmentier après l'article 4 de la proposition de loi visant à renforcer la continuité territoriale en Outre-Mer (première lecture).,scrutin public ordinaire,2023-06-08,rejeté,False,True,False
VTANR5L16V760,l'amendement n° 1801 de M. Guitton à l'article 12 du projet de loi relatif à l'accélération de la production d'énergies renouvelables (première lecture).,scrutin public ordinaire,2022-12-12,rejeté,False,True,False
VTANR5L16V607,l'amendement n° 1190 de M. Berteloot à l'article premier et rapport annexé du projet de loi d'orientation et de programmation du ministère de l'intérieur (première lecture).,scrutin public ordinaire,2022-11-18,rejeté,False,True,False
VTANR5L16V1375,l'amendement n° 18 de Mme Galzy après l'article 2 de la proposition de loi visant à mieux manger en soutenant les Français face à l'inflation et en favorisant l'accès à une alimentation saine (première lecture).,scrutin public ordinaire,2023-04-06,rejeté,False,True,False
VTANR5L16V113,l'amendement n° 522 de Mme Le Pen après l'article 3 du projet de loi de finances rectificative pour 2022 (première lecture).,scrutin public ordinaire,2022-07-23,rejeté,False,True,False
VTANR5L16V963,l'amendement n° 14629 de M. Gillet à l'article 2 du projet de loi de financement rectificative de la sécurité sociale pour 2023 (première lecture).,scrutin public ordinaire,2023-02-13,rejeté,False,True,False
VTANR5L16V1382,l'amendement n° 60 de Mme Galzy après l'article 3 de la proposition de loi visant à mieux manger en soutenant les Français face à l'inflation et en favorisant l'accès à une alimentation saine (première lecture).,scrutin public ordinaire,2023-04-06,rejeté,False,True,False
VTANR5L16V327,l'amendement n° 2467 de M. Jean-Philippe Tanguy après l'article 3 du projet de loi de finances pour 2023 (première lecture).,scrutin public ordinaire,2022-10-17,rejeté,False,True,False
VTANR5L16V1521,l'amendement n° 374 de Mme Lechanteux à l'article 7 bis de la proposition de loi visant à renforcer la prévention et la lutte contre l'intensification et l'extension du risque incendie (première lecture).,scrutin public ordinaire,2023-05-15,rejeté,False,True,False
VTANR5L16V1613,l'amendement n° 1746 de Mme Menache à l'article 2 et rapport annexé du projet de loi relatif à la programmation militaire pour les années 2024 à 2030 et portant diverses dispositions intéressant la défense (première lecture).,scrutin public ordinaire,2023-05-24,rejeté,False,True,False
VTANR5L16V1193,l'amendement n° 200 de Mme Sabatini à l'article 1er F du projet de loi relatif à l'accélération des procédures liées à la construction de nouvelles installations nucléaires à proximité de sites nucléaires existants et au fonctionnement des installations existantes (première lecture).,scrutin public ordinaire,2023-03-14,rejeté,False,True,False
VTANR5L16V1260,l'amendement n° 772 de M. Gonzalez à l'article 6 du projet de loi relatif aux jeux Olympiques et Paralympiques de 2024 et portant diverses autres dispositions (première lecture).,scrutin public ordinaire,2023-03-22,rejeté,False,True,False
VTANR5L16V1594,l'amendement n° 1771 de M. Gonzalez à l'article 2 et rapport annexé du projet de loi relatif à la programmation militaire pour les années 2024 à 2030 et portant diverses dispositions intéressant la défense (première lecture).,scrutin public ordinaire,2023-05-23,adopté,False,True,False
VTANR5L16V1654,l'amendement n° 768 de M. Boccaletti à l'article 2 et rapport annexé du projet de loi relatif à la programmation militaire pour les années 2024 à 2030 et portant diverses dispositions intéressant la défense (première lecture).,scrutin public ordinaire,2023-05-26,rejeté,False,True,False
VTANR5L16V405,l'amendement n° 1918 de M. de Lépinau à l'article 27 et État B de la seconde partie du projet de loi de finances pour 2023 (première lecture) - Mission Justice,scrutin public ordinaire,2022-10-27,rejeté,False,True,False
VTANR5L16V1194,l'amendement n° 509 de Mme Laporte à l'article 1er F du projet de loi relatif à l'accélération des procédures liées à la construction de nouvelles installations nucléaires à proximité de sites nucléaires existants et au fonctionnement des installations existantes (première lecture).,scrutin public ordinaire,2023-03-14,rejeté,False,True,False
VTANR5L16V681,l'amendement n° 530 de Mme Mathilde Paris à l'article 1er E du projet de loi relatif à l'accélération de la production d'énergies renouvelables (première lecture).,scrutin public ordinaire,2022-12-07,rejeté,False,True,False
VTANR5L16V1371,le sous-amendement n° 98 de M. de Fournas à l'amendement n° 62 de Mme Pasquini à l'article 2 de la proposition de loi visant à mieux manger en soutenant les Français face à l'inflation et en favorisant l'accès à une alimentation saine (première lecture).,scrutin public ordinaire,2023-04-06,rejeté,False,True,True
VTANR5L16V562,l'amendement n° 335 de M. Ménagé à l'article 2 du projet de loi d'orientation et de programmation du ministère de l'intérieur (première lecture).,scrutin public ordinaire,2022-11-14,rejeté,False,True,False
VTANR5L16V356,l'amendement n° 914 de Mme Mélin après l'article 3 du projet de loi de financement de la sécurité sociale pour 2023 (première lecture).,scrutin public ordinaire,2022-10-20,rejeté,False,True,False
VTANR5L16V1092,l'amendement n° 16608 de M. Jean-Philippe Tanguy après l'article 2 du projet de loi de financement rectificative de la sécurité sociale pour 2023 (première lecture).,scrutin public ordinaire,2023-02-17,rejeté,False,True,False
VTANR5L16V55,l'amendement n° 339 de Mme Mathilde Paris à l'article 6 du projet de loi portant mesures d'urgence pour la protection du pouvoir d'achat (première lecture).,scrutin public ordinaire,2022-07-21,rejeté,False,True,False
VTANR5L16V162,l'amendement n° 790 de M. Meizonnet avant l'article 9 du projet de loi de finances rectificative pour 2022 (première lecture).,scrutin public ordinaire,2022-07-26,rejeté,False,True,False
VTANR5L16V1323,l'amendement n° 103 de Mme Lechanteux à l'article 1er A de la proposition de loi visant à protéger les logements contre l'occupation illicite (deuxième lecture).,scrutin public ordinaire,2023-03-29,rejeté,False,True,False
VTANR5L16V778,l'amendement n° 3033 de M. Meurin après l'article 16 ter A du projet de loi relatif à l'accélération de la production d'énergies renouvelables (première lecture).,scrutin public ordinaire,2022-12-13,rejeté,False,True,False
VTANR5L16V1153,l'amendement n° 43 de Mme Levavasseur après l'article premier de la proposition de loi visant à favoriser l'accompagnement des couples confrontés à une fausse couche (première lecture).,scrutin public ordinaire,2023-03-08,rejeté,False,True,False
VTANR5L16V54,l'amendement n° 734 de M. Ménagé à l'article 6 du projet de loi portant mesures d'urgence pour la protection du pouvoir d'achat (première lecture).,scrutin public ordinaire,2022-07-21,rejeté,False,True,False
VTANR5L16V1358,l'amendement n° 89 de Mme Engrand à l'article 2 bis de la proposition de loi visant à lutter contre les arnaques et les dérives des influenceurs sur les réseaux sociaux (première lecture).,scrutin public ordinaire,2023-03-30,rejeté,False,True,False
VTANR5L16V407,l'amendement n° 1863 de M. Schreck à l'article 27 et État B de la seconde partie du projet de loi de finances pour 2023 (première lecture) - Mission Justice,scrutin public ordinaire,2022-10-27,rejeté,False,True,False
VTANR5L16V909,"la motion référendaire, présentée par Mme Marine Le Pen et 59 députés, sur le projet de loi de financement rectificative de la sécurité sociale pour 2023 (première lecture).",scrutin public ordinaire,2023-02-06,rejeté,False,False,False
VTANR5L16V504,l'amendement n° 337 de M. Jean-Philippe Tanguy avant l'article 1 du projet de loi de finances rectificative pour 2022 (première lecture).,scrutin public ordinaire,2022-11-07,rejeté,False,True,False
VTANR5L16V1576,l'amendement n° 513 de Mathilde Paris à l'article 22 de la proposition de loi visant à renforcer la prévention et la lutte contre l'intensification et l'extension du risque incendie (première lecture).,scrutin public ordinaire,2023-05-17,rejeté,False,True,False
VTANR5L16V288,l'amendement n° 3383 de M. Buisson après l'article 3 du projet de loi de finances pour 2023 (première lecture).,scrutin public ordinaire,2022-10-13,rejeté,False,True,False
VTANR5L16V1415,l'amendement n° 909 de Mme Colombier à l'article premier de la proposition de loi portant mesures pour bâtir la société du bien vieillir en France (première lecture).,scrutin public ordinaire,2023-04-12,rejeté,False,True,False
VTANR5L16V975,l'amendement n° 15638 de M. Allisio après l'article 2 du projet de loi de financement rectificative de la sécurité sociale pour 2023 (première lecture).,scrutin public ordinaire,2023-02-15,rejeté,False,True,False
VTANR5L16V1195,l'amendement n° 516 de Mme Laporte à l'article 1er F du projet de loi relatif à l'accélération des procédures liées à la construction de nouvelles installations nucléaires à proximité de sites nucléaires existants et au fonctionnement des installations existantes (première lecture).,scrutin public ordinaire,2023-03-14,rejeté,False,True,False
VTANR5L16V202,l'amendement n° 238 de M. Catteau à l'article premier du projet de loi portant mesures d'urgence relatives au fonctionnement du marché du travail en vue du plein emploi (première lecture).,scrutin public ordinaire,2022-10-04,rejeté,False,True,False
VTANR5L16V1322,l'amendement n° 102 de Mme Lechanteux à l'article 1er A de la proposition de loi visant à protéger les logements contre l'occupation illicite (deuxième lecture).,scrutin public ordinaire,2023-03-29,rejeté,False,True,False
VTANR5L16V1608,l'amendement n° 538 de Mme Colombier suivant à l'article 2 et rapport annexé du projet de loi relatif à la programmation militaire pour les années 2024 à 2030 et portant diverses dispositions intéressant la défense (première lecture).,scrutin public ordinaire,2023-05-24,rejeté,False,True,False
VTANR5L16V86,l'amendement n° 518 de Mme Le Pen avant l'article premier du projet de loi de finances rectificative pour 2022 (première lecture).,scrutin public ordinaire,2022-07-22,rejeté,False,True,False
VTANR5L16V294,l'amendement n° 2733 de M. Tanguy après l'article 3 du projet de loi de finances pour 2023 (première lecture).,scrutin public ordinaire,2022-10-13,rejeté,False,True,False
VTANR5L16V1152,l'amendement n° 42 de Mme Levavasseur après l'article premier de la proposition de loi visant à favoriser l'accompagnement des couples confrontés à une fausse couche (première lecture).,scrutin public ordinaire,2023-03-08,rejeté,False,True,False
VTANR5L16V1131,l'amendement n° 17 de Mme Lavalette après l'article premier de la proposition de loi relative à la prévention de l'exposition excessive des enfants aux écrans (première lecture).,scrutin public ordinaire,2023-03-07,rejeté,False,True,False
VTANR5L16V520,l'amendement n° 352 de M. Jean-Philippe Tanguy avant l'article 1 du projet de loi de finances rectificative pour 2022 (première lecture).,scrutin public ordinaire,2022-11-08,rejeté,False,True,False
VTANR5L16V851,le sous-amendement n° 74 de M. de Fournas à l'amendement n° 63 (2ème rect.) de M. Decrozaille à l'article 3 de la proposition de loi visant à sécuriser l'approvisionnement des Français en produits de grande consommation (première lecture).,scrutin public ordinaire,2023-01-18,rejeté,False,True,True
VTANR5L16V412,l'amendement n° 1907 de M. Berteloot à l'article 27 et État B de la seconde partie du projet de loi de finances pour 2023 (première lecture) - Mission Justice,scrutin public ordinaire,2022-10-27,rejeté,False,True,False
VTANR5L16V1174,l'amendement n° 580 de Mme Menache à l'article 1er D du projet de loi relatif à l'accélération des procédures lièes à la construction de nouvelles installations nucléaires à proximité de sites nucléaires existants et au fonctionnement des installations existantes (première lecture).,scrutin public ordinaire,2023-03-13,rejeté,False,True,False
VTANR5L16V828,l'amendement n° 25 de M. Meurin après l'article 2 de la proposition de loi visant à supprimer les zones à faibles émissions mobilité (première lecture).,scrutin public ordinaire,2023-01-12,rejeté,False,True,False
VTANR5L16V1122,l'amendement n° 11 de Mme Loir à l'article premier de la proposition de loi relative à la prévention de l'exposition excessive des enfants aux écrans (première lecture).,scrutin public ordinaire,2023-03-06,rejeté,False,True,False
VTANR5L16V692,l'amendement n° 2702 de M. Berteloot à l'article 3 (examen prioritaire) du projet de loi relatif à l'accélération de la production d'énergies renouvelables (première lecture).,scrutin public ordinaire,2022-12-07,rejeté,False,True,False
VTANR5L16V1661,l'amendement n° 1731 de M. Pfeffer à l'article 2 et rapport annexé du projet de loi relatif à la programmation militaire pour les années 2024 à 2030 et portant diverses dispositions intéressant la défense (première lecture).,scrutin public ordinaire,2023-05-26,rejeté,False,True,False
VTANR5L16V427,l'amendement n° 179 de Mme Blanc à l'article 27 et État B de la seconde partie du projet de loi de finances pour 2023 (première lecture) - Mission Culture.,scrutin public ordinaire,2022-10-28,rejeté,False,True,False
VTANR5L16V928,l'amendement n° 9 de M. Bilde après l'article premier de la proposition de loi visant à garantir un tarif réduit aux étudiants boursiers et précaires dans les sites de restauration gérés par les centres régionaux des oeuvres universitaires (première lecture).,scrutin public ordinaire,2023-02-09,rejeté,False,True,False
VTANR5L16V417,l'amendement n° 1855 de M. Schreck à l'article 30 et État G de la seconde partie du projet de loi de finances pour 2023 (première lecture) - Mission Justice,scrutin public ordinaire,2022-10-27,rejeté,False,True,False
VTANR5L16V1236,l'amendement n° 576 de M. Loubet après l'article 13 du projet de loi relatif à l’accélération des procédures liées à la construction de nouvelles installations nucléaires à proximité de sites nucléaires existants et au fonctionnement des installations existantes (première lecture).,scrutin public ordinaire,2023-03-16,rejeté,False,True,False
VTANR5L16V1611,l'amendement n° 437 de Mme Galzy à l'article 2 et rapport annexé du projet de loi relatif à la programmation militaire pour les années 2024 à 2030 et portant diverses dispositions intéressant la défense (première lecture).,scrutin public ordinaire,2023-05-24,rejeté,False,True,False
VTANR5L16V1139,l'amendement n° 5 de M. Frappé après l'article 5 de la proposition de loi relative à la prévention de l'exposition excessive des enfants aux écrans (première lecture).,scrutin public ordinaire,2023-03-07,rejeté,False,True,False
VTANR5L16V30,l'amendement n° 682 de M. Catteau à l'article premier du projet de loi portant mesures d'urgence pour la protection du pouvoir d'achat (première lecture).,scrutin public ordinaire,2022-07-19,rejeté,False,True,False
VTANR5L16V1350,l'amendement n° 87 de Mme Engrand à l'article 2 B de la proposition de loi visant à lutter contre les arnaques et les dérives des influenceurs sur les réseaux sociaux (première lecture).,scrutin public ordinaire,2023-03-30,rejeté,False,True,False
VTANR5L16V579,l'amendement n° 379 de Mme Lechanteux à l'article 6 du projet de loi d'orientation et de programmation du ministère de l'intérieur (première lecture).,scrutin public ordinaire,2022-11-16,rejeté,False,True,False
VTANR5L16V848,l'amendement n° 27 de M. de Fournas après l'article 2 de la proposition de loi visant à sécuriser l'approvisionnement des Français en produits de grande consommation (première lecture).,scrutin public ordinaire,2023-01-18,rejeté,False,True,False
VTANR5L16V109,l'amendement n° 520 de Mme Le Pen après l'article 3 du projet de loi de finances rectificative pour 2022 (première lecture).,scrutin public ordinaire,2022-07-23,rejeté,False,True,False
VTANR5L16V1154,l'amendement n° 44 de Mme Levavasseur après l'article premier de la proposition de loi visant à favoriser l'accompagnement des couples confrontés à une fausse couche (première lecture).,scrutin public ordinaire,2023-03-08,rejeté,False,True,False
VTANR5L16V779,l'amendement n° 1286 de M. Ménagé après l'article 16 ter A du projet de loi relatif à l'accélération de la production d'énergies renouvelables (première lecture).,scrutin public ordinaire,2022-12-13,rejeté,False,True,False
VTANR5L16V263,l'amendement n° 393 de M. Bryan Masson après l'article 3 du projet de loi de finances pour 2023 (première lecture).,scrutin public ordinaire,2022-10-12,rejeté,False,True,False
VTANR5L16V1272,l'amendement n° 56 de M. Gillet à l'article 7 du projet de loi relatif aux jeux Olympiques et Paralympiques de 2024 et portant diverses autres dispositions (première lecture).,scrutin public ordinaire,2023-03-23,rejeté,False,True,False
VTANR5L16V210,l'amendement n° 192 rectifié de Mme Le Pen après l'article premier du projet de loi portant mesures d'urgence relatives au fonctionnement du marché du travail en vue du plein emploi (première lecture).,scrutin public ordinaire,2022-10-05,rejeté,False,True,False
VTANR5L16V264,l'amendement n° 1777 de Mme Parmentier après l'article 3 du projet de loi de finances pour 2023 (première lecture).,scrutin public ordinaire,2022-10-12,rejeté,False,True,False
VTANR5L16V1321,l'amendement n° 101 de Mme Lechanteux à l'article 1er A de la proposition de loi visant à protéger les logements contre l'occupation illicite (deuxième lecture).,scrutin public ordinaire,2023-03-29,rejeté,False,True,False
VTANR5L16V1132,l'amendement n° 18 de Mme Lavalette après l'article premier de la proposition de loi relative à la prévention de l'exposition excessive des enfants aux écrans (première lecture).,scrutin public ordinaire,2023-03-07,rejeté,False,True,False
VTANR5L16V847,l'amendement n° 28 de M. de Fournas après l'article 2 de la proposition de loi visant à sécuriser l'approvisionnement des Français en produits de grande consommation (première lecture).,scrutin public ordinaire,2023-01-18,rejeté,False,True,False
VTANR5L16V265,l'amendement n° 2472 de M. Jean-Philippe Tanguy après l'article 3 du projet de loi de finances pour 2023 (première lecture).,scrutin public ordinaire,2022-10-12,rejeté,False,True,False
VTANR5L16V207,l'amendement n° 232 de M. Catteau à l'article premier du projet de loi portant mesures d'urgence relatives au fonctionnement du marché du travail en vue du plein emploi (première lecture).,scrutin public ordinaire,2022-10-04,rejeté,False,True,False
VTANR5L16V318,l'amendement n° 3251 de Mme Parmentier après l'article 3 du projet de loi de finances pour 2023 (première lecture).,scrutin public ordinaire,2022-10-14,rejeté,False,True,False
VTANR5L16V1362,l'amendement n° 16 de Mme Galzy à l'article premier de la proposition de loi visant à mieux manger en soutenant les Français face à l'inflation et en favorisant l'accès à une alimentation saine (première lecture).,scrutin public ordinaire,2023-04-06,rejeté,False,True,False
VTANR5L16V1529,l'amendement n° 230 de Mme Florence Goulet après l'article 7 ter de la proposition de loi visant à renforcer la prévention et la lutte contre l'intensification et l'extension du risque incendie (première lecture).,scrutin public ordinaire,2023-05-15,rejeté,False,True,False
VTANR5L16V17,l'amendement n° 672 de M. Catteau à l'article premier du projet de loi portant mesures d'urgence pour la protection du pouvoir d'achat (première lecture).,scrutin public ordinaire,2022-07-18,rejeté,False,True,False
VTANR5L16V431,l'amendement n° 379 de M. Lottiaux à l'article 27 et État B de la seconde partie du projet de loi de finances pour 2023 (première lecture) - Mission Culture.,scrutin public ordinaire,2022-10-28,rejeté,False,True,False
VTANR5L16V397,l'amendement n° 1865 de M. Schreck à l'article 27 et État B de la seconde partie du projet de loi de finances pour 2023 (première lecture) - Mission Justice,scrutin public ordinaire,2022-10-27,rejeté,False,True,False
VTANR5L16V1639,l'amendement n° 224 de Mme Galzy à l'article 2 et rapport annexé du projet de loi relatif à la programmation militaire pour les années 2024 à 2030 et portant diverses dispositions intéressant la défense (première lecture).,scrutin public ordinaire,2023-05-25,rejeté,False,True,False
VTANR5L16V267,l'amendement n° 2470 de M. Jean-Philippe Tanguy après l'article 3 du projet de loi de finances pour 2023 (première lecture).,scrutin public ordinaire,2022-10-12,rejeté,False,True,False
VTANR5L16V1178,l'amendement n° 579 de M. Jean-Philippe Tanguy à l'article 1er D du projet de loi relatif à l'accélération des procédures lièes à la construction de nouvelles installations nucléaires à proximité de sites nucléaires existants et au fonctionnement des installations existantes (première lecture).,scrutin public ordinaire,2023-03-14,rejeté,False,True,False
VTANR5L16V505,l'amendement n° 339 de M. Jean-Philippe Tanguy avant l'article 1 du projet de loi de finances rectificative pour 2022 (première lecture).,scrutin public ordinaire,2022-11-07,rejeté,False,True,False
VTANR5L16V463,l'amendement n° 1376 de Mme Le Pen à l'article 27 et État B de la seconde partie du projet de loi de finances pour 2023 (première lecture) - Mission Outre-Mer.,scrutin public ordinaire,2022-10-28,rejeté,False,True,False
VTANR5L16V866,l'amendement n° 70 de Mme Mélin à l'article premier de la proposition de loi portant amélioration de l'accès aux soins par la confiance aux professionnels de santé (première lecture).,scrutin public ordinaire,2023-01-18,rejeté,False,True,False
VTANR5L16V583,l'amendement n° 1230 de Mme Parmentier à l'article 7 du projet de loi d'orientation et de programmation du ministère de l'intérieur (première lecture).,scrutin public ordinaire,2022-11-16,rejeté,False,True,False
VTANR5L16V1602,l'amendement n° 504 de M. Giletti à l'article 2 et rapport annexé du projet de loi relatif à la programmation militaire pour les années 2024 à 2030 et portant diverses dispositions intéressant la défense (première lecture).,scrutin public ordinaire,2023-05-23,rejeté,False,True,False
VTANR5L16V514,l'amendement n° 341 de M. Jean-Philippe Tanguy avant l'article 1 du projet de loi de finances rectificative pour 2022 (première lecture).,scrutin public ordinaire,2022-11-07,rejeté,False,True,False
VTANR5L16V1625,l'amendement n° 323 de M. Jacobelli à l'article 2 et rapport annexé du projet de loi relatif à la programmation militaire pour les années 2024 à 2030 et portant diverses dispositions intéressant la défense (première lecture).,scrutin public ordinaire,2023-05-24,rejeté,False,True,False
VTANR5L16V1416,l'amendement n° 866 de Mme Dogor-Such à l'article premier de la proposition de loi portant mesures pour bâtir la société du bien vieillir en France (première lecture).,scrutin public ordinaire,2023-04-12,rejeté,False,True,False
VTANR5L16V429,l'amendement n° 1585 de Mme Pollet à l'article 27 et État B de la seconde partie du projet de loi de finances pour 2023 (première lecture) - Mission Culture.,scrutin public ordinaire,2022-10-28,rejeté,False,True,False
VTANR5L16V1560,l'amendement n° 32 de M. Rancoule à l'article 20 (supprimé) de la proposition de loi visant à renforcer la prévention et la lutte contre l'intensification et l'extension du risque incendie (première lecture).,scrutin public ordinaire,2023-05-17,rejeté,False,True,False
VTANR5L16V408,l'amendement n° 1775 de M. Berteloot à l'article 27 et État B de la seconde partie du projet de loi de finances pour 2023 (première lecture) - Mission Justice,scrutin public ordinaire,2022-10-27,rejeté,False,True,False
VTANR5L16V1271,l'amendement n° 509 de M. Guitton à l'article 7 du projet de loi relatif aux jeux Olympiques et Paralympiques de 2024 et portant diverses autres dispositions (première lecture).,scrutin public ordinaire,2023-03-23,rejeté,False,True,False
VTANR5L16V1365,le sous-amendement n° 102 de M. de Fournas à l'amendement n° 94 du Gouvernement à l'article premier de la proposition de loi visant à mieux manger en soutenant les Français face à l'inflation et en favorisant l'accès à une alimentation saine (première lecture).,scrutin public ordinaire,2023-04-06,rejeté,False,True,True
VTANR5L16V923,le sous-amendement n° 10 de Mme Laporte à l'amendement n° 8 de M. Hajjar au titre de la proposition de résolution tendant à la création d'une commission d'enquête sur le coût de la vie dans les départements et régions d'outre-mer.,scrutin public ordinaire,2023-02-09,rejeté,False,True,True
VTANR5L16V510,l'amendement n° 343 de M. Jean-Philippe Tanguy avant l'article 1 du projet de loi de finances rectificative pour 2022 (première lecture).,scrutin public ordinaire,2022-11-07,rejeté,False,True,False
VTANR5L16V1617,l'amendement n° 251 de M. François à l'article 2 et rapport annexé du projet de loi relatif à la programmation militaire pour les années 2024 à 2030 et portant diverses dispositions intéressant la défense (première lecture).,scrutin public ordinaire,2023-05-24,rejeté,False,True,False
VTANR5L16V434,l'amendement n° 1502 de Mme Loir à l'article 27 et État B de la seconde partie du projet de loi de finances pour 2023 (première lecture) - Mission Culture.,scrutin public ordinaire,2022-10-28,rejeté,False,True,False
VTANR5L16V359,"la motion de censure déposée en application de l'article 49, alinéa 3, de la Constitution par Mme Marine Le Pen et 89 membres de l'Assemblée.",scrutin public solennel,2022-10-24,rejeté,False,False,False
VTANR5L16V1325,l'amendement n° 9 de M. Tivoli à l'article 1er A de la proposition de loi visant à protéger les logements contre l'occupation illicite (deuxième lecture).,scrutin public ordinaire,2023-03-29,rejeté,False,True,False
VTANR5L16V958,l'amendement n° 14104 de M. Marchio à l'article 2 du projet de loi de financement rectificative de la sécurité sociale pour 2023 (première lecture).,scrutin public ordinaire,2023-02-13,rejeté,False,True,False
VTANR5L16V688,l'amendement n° 566 de Mme Mathilde Paris à l'article 3 (examen prioritaire) du projet de loi relatif à l'accélération de la production d'énergies renouvelables (première lecture).,scrutin public ordinaire,2022-12-07,rejeté,False,True,False
VTANR5L16V487,"l'amendement n° 2271 de M. Jean-Philippe Tanguy à l'article 27 et État B du projet de loi de finances pour 2023 (première lecture) - Mission Écologie, développement et mobilités durables.",scrutin public ordinaire,2022-10-31,rejeté,False,True,False
VTANR5L16V1435,l'amendement n° 959 de Mme Colombier après l'article 3 de la proposition de loi portant mesures pour bâtir la société du bien vieillir en France (première lecture).,scrutin public ordinaire,2023-04-13,rejeté,False,True,False
VTANR5L16V489,"l'amendement n° 404 de M. Meurin à l'article 27 et État B de la seconde partie du projet de loi de finances pour 2023 (première lecture) - Mission Écologie, développement et mobilités durables.",scrutin public ordinaire,2022-10-31,rejeté,False,True,False
VTANR5L16V488,"l'amendement n° 403 de M. Meurin à l'article 27 et État B de la seconde partie du projet de loi de finances pour 2023 (première lecture) - Mission Écologie, développement et mobilités durables.",scrutin public ordinaire,2022-10-31,rejeté,False,True,False
VTANR5L16V297,l'amendement n° 491 de Mme Blanc après l'article 3 du projet de loi de finances pour 2023 (première lecture).,scrutin public ordinaire,2022-10-14,rejeté,False,True,False
VTANR5L16V19,l'amendement n° 684 de M. Catteau à l'article premier du projet de loi portant mesures d'urgence pour la protection du pouvoir d'achat (première lecture).,scrutin public ordinaire,2022-07-18,rejeté,False,True,False
VTANR5L16V1467,le sous-amendement n° 62 de M. Sabatou à l'amendement n° 42 de M. Philippe Brun à l'article 2 de la proposition de loi visant à protéger le groupe Électricité de France d'un démembrement (deuxième lecture).,scrutin public ordinaire,2023-05-04,rejeté,False,True,True
VTANR5L16V615,l'amendement n° 600 de Mme Colombier à l'article premier et rapport annexé du projet de loi d'orientation et de programmation du ministère de l'intérieur (première lecture).,scrutin public ordinaire,2022-11-18,rejeté,False,True,False
VTANR5L16V23,l'amendement n° 743 de M. Tanguy à l'article premier du projet de loi portant mesures d'urgence pour la protection du pouvoir d'achat (première lecture).,scrutin public ordinaire,2022-07-18,rejeté,False,True,False
VTANR5L16V574,l'amendement n° 1036 de Mme Roullaud à l'article 6 du projet de loi d'orientation et de programmation du ministère de l'intérieur (première lecture).,scrutin public ordinaire,2022-11-15,rejeté,False,True,False
VTANR5L16V1359,l'amendement n° 93 de Mme Engrand à l'article 3 bis de la proposition de loi visant à lutter contre les arnaques et les dérives des influenceurs sur les réseaux sociaux (première lecture).,scrutin public ordinaire,2023-03-30,rejeté,False,True,False
VTANR5L16V474,l'amendement n° 1377 de Mme Le Pen à l'article 27 et État B de la seconde partie du projet de loi de finances pour 2023 (première lecture) - Mission Outre-Mer.,scrutin public ordinaire,2022-10-28,rejeté,False,True,False
VTANR5L16V586,l'amendement n° 388 de Mme Lechanteux après l'article 7 du projet de loi d'orientation et de programmation du ministère de l'intérieur (première lecture).,scrutin public ordinaire,2022-11-16,rejeté,False,True,False
VTANR5L16V1643,l'amendement n° 280 de Mme Lavalette à l'article 2 et rapport annexé du projet de loi relatif à la programmation militaire pour les années 2024 à 2030 et portant diverses dispositions intéressant la défense (première lecture).,scrutin public ordinaire,2023-05-25,rejeté,False,True,False
VTANR5L16V320,l'amendement n° 2466 de Mme Le Pen après l'article 3 du projet de loi de finances pour 2023 (première lecture).,scrutin public ordinaire,2022-10-14,rejeté,False,True,False
VTANR5L16V171,l'amendement n° 632 de M. Jean-Philippe Tanguy après l'article 10 du projet de loi de finances rectificative pour 2022 (première lecture).,scrutin public ordinaire,2022-07-26,rejeté,False,True,False
VTANR5L16V1789,l'amendement n° 16 de Mme Parmentier après l'article 3 de la proposition de loi visant à renforcer la continuité territoriale en Outre-Mer (première lecture).,scrutin public ordinaire,2023-06-08,rejeté,False,True,False
VTANR5L16V275,l'amendement n° 2460 de Mme Le Pen après l'article 3 du projet de loi de finances pour 2023 (première lecture).,scrutin public ordinaire,2022-10-13,rejeté,False,True,False
VTANR5L16V176,l'amendement n° 652 de M. Jean-Philippe Tanguy après l'article 10 du projet de loi de finances rectificative pour 2022 (première lecture).,scrutin public ordinaire,2022-07-26,rejeté,False,True,False
VTANR5L16V1369,l'amendement n° 23 de Mme Parmentier après l'article premier de la proposition de loi visant à mieux manger en soutenant les Français face à l'inflation et en favorisant l'accès à une alimentation saine (première lecture).,scrutin public ordinaire,2023-04-06,rejeté,False,True,False
VTANR5L16V511,l'amendement n° 342 de M. Jean-Philippe Tanguy avant l'article 1 du projet de loi de finances rectificative pour 2022 (première lecture).,scrutin public ordinaire,2022-11-07,rejeté,False,True,False
VTANR5L16V1344,le sous-amendement n° 184 de Mme Engrand à l'amendement n° 176 (rect.) de M. Delaporte à l'article 2 B de la proposition de loi visant à lutter contre les arnaques et les dérives des influenceurs sur les réseaux sociaux (première lecture).,scrutin public ordinaire,2023-03-30,rejeté,False,True,True
VTANR5L16V849,l'amendement n° 1 de Mme Duby-Muller après l'article 2 de la proposition de loi visant à sécuriser l'approvisionnement des Français en produits de grande consommation (première lecture).,scrutin public ordinaire,2023-01-18,rejeté,False,True,False
VTANR5L16V411,l'amendement n° 1913 de M. Berteloot à l'article 27 et État B de la seconde partie du projet de loi de finances pour 2023 (première lecture) - Mission Justice,scrutin public ordinaire,2022-10-27,rejeté,False,True,False
VTANR5L16V1538,l'amendement n° 3 de M. Gillet après l'article 10 de la proposition de loi visant à renforcer la prévention et la lutte contre l'intensification et l'extension du risque incendie (première lecture).,scrutin public ordinaire,2023-05-16,rejeté,False,True,False
VTANR5L16V646,l'amendement n° 124 de M. Chenu après l'article 5 de la proposition de loi visant à protéger les logements contre l'occupation illicite (première lecture).,scrutin public ordinaire,2022-11-29,rejeté,False,True,False
VTANR5L16V1283,l'amendement n° 588 de Mme Lelouis à l'article 12 du projet de loi relatif aux jeux Olympiques et Paralympiques de 2024 et portant diverses autres dispositions (première lecture).,scrutin public ordinaire,2023-03-23,rejeté,False,True,False
VTANR5L16V1185,l'amendement n° 591 de M. Dragon à l'article 1er D du projet de loi relatif à l'accélération des procédures liées à la construction de nouvelles installations nucléaires à proximité de sites nucléaires existants et au fonctionnement des installations existantes (première lecture).,scrutin public ordinaire,2023-03-14,rejeté,False,True,False
VTANR5L16V307,l'amendement n° 585 de M. Meizonnet après l'article 3 du projet de loi de finances pour 2023 (première lecture).,scrutin public ordinaire,2022-10-14,rejeté,False,True,False
VTANR5L16V401,l'amendement n° 1883 de M. Schreck à l'article 27 et État B de la seconde partie du projet de loi de finances pour 2023 (première lecture) - Mission Justice,scrutin public ordinaire,2022-10-27,rejeté,False,True,False
VTANR5L16V578,l'amendement n° 880 de Mme Roullaud à l'article 6 du projet de loi d'orientation et de programmation du ministère de l'intérieur (première lecture).,scrutin public ordinaire,2022-11-16,rejeté,False,True,False
VTANR5L16V1245,l'amendement n° 628 de M. Rancoule à l'article premier du projet de loi relatif aux jeux Olympiques et Paralympiques de 2024 et portant diverses autres dispositions (première lecture).,scrutin public ordinaire,2023-03-21,rejeté,False,True,False
